id,split,label,product_exists,problem_defined,users_active,usage_evidence,revenue_disclosed,competition_analyzed,team_identified,roadmap_delivery,has_token,token_role_defined,token_value_link,holder_rights_clear,supply_disclosed,emission_disclosed,vesting_disclosed,unlock_schedule_known,concentration_known,liquidity_known,valuation_comparable,code_public,audit_available,admin_controls_known,incident_history_known,chain_asset_verified,sources_current,metrics_dated,fdv_gap_high,low_float,large_unlock
synthetic_0693,train,blocked,0,1,1,1,,1,,0,,,1,,0,1,1,1,0,,1,1,1,1,0,0,,1,1,1,0
synthetic_0294,train,revise,0,1,,0,1,1,1,1,1,0,1,1,1,0,1,,1,,0,1,1,0,1,1,1,1,1,0,0
synthetic_1292,test,clarify,1,0,1,,1,1,1,1,0,,,,,,,,,,0,1,1,1,0,1,,,,,
synthetic_0549,train,blocked,1,,0,,1,1,0,,1,1,1,1,1,1,1,1,1,1,1,,0,0,1,0,0,0,1,1,0
synthetic_0553,train,blocked,1,1,0,,1,1,1,1,1,1,,0,0,1,0,1,,0,,1,0,0,0,1,1,1,1,0,0
synthetic_0055,train,research,1,,1,1,,0,1,1,1,1,1,1,1,1,1,1,1,1,1,1,1,1,1,1,1,1,1,0,
synthetic_0272,train,revise,1,0,0,1,1,1,1,1,1,0,1,,1,0,1,0,1,1,1,,1,1,0,1,0,1,1,1,1
synthetic_0972,train,clarify,1,,,,,0,1,1,0,,,,,,,,,1,1,1,,1,1,1,1,1,,,
synthetic_0481,test,revise,,0,1,,1,1,1,1,1,0,1,1,1,,1,1,,1,0,0,1,1,0,1,,1,0,0,1
synthetic_0520,test,revise,1,1,1,1,1,1,1,1,1,,1,1,0,,0,0,1,1,1,,1,0,1,1,1,1,0,0,
synthetic_1300,test,clarify,1,1,,1,1,0,1,,,,1,,1,1,1,,1,,1,1,1,1,,,,1,1,0,0
synthetic_0044,train,research,1,,1,1,,1,1,1,0,,,,,,,,,1,1,1,1,1,1,1,1,1,,,
synthetic_0026,train,research,1,0,1,1,1,1,1,1,1,1,1,1,1,1,1,1,1,1,1,1,1,1,1,1,1,1,1,0,0
synthetic_0990,train,clarify,,,1,1,,,1,0,,1,,,,,1,,1,,0,1,1,,0,1,1,1,1,1,0
synthetic_1272,validation,clarify,1,1,,1,1,1,1,0,1,,1,1,1,,1,1,1,0,1,1,1,,0,1,1,,1,1,0
synthetic_0305,train,revise,,1,1,1,1,,1,0,1,1,1,1,,1,1,,1,0,1,0,1,1,1,1,,0,,,1
synthetic_1117,train,clarify,1,,1,1,,1,1,1,0,,,,,,,,,,,1,1,1,0,,1,1,,,
synthetic_1274,validation,clarify,,1,1,,0,0,,0,0,,,,,,,,,,1,1,1,1,0,,1,,,,
synthetic_0293,train,revise,0,0,0,1,,1,1,1,1,1,1,,1,1,0,1,1,,1,0,1,0,1,1,0,0,1,1,
synthetic_0918,test,blocked,1,,1,0,0,1,0,0,1,1,1,1,,1,0,1,1,0,,1,0,0,1,,1,1,1,1,0
synthetic_0091,train,research,1,,1,1,0,1,1,1,1,1,1,1,1,1,1,1,1,1,1,1,1,1,1,1,1,1,0,0,
synthetic_0835,validation,blocked,0,1,1,,,,1,0,1,1,1,0,1,1,1,1,1,1,1,1,0,1,0,0,1,1,1,1,
synthetic_0259,train,revise,1,1,,0,1,1,1,0,1,0,,0,1,1,1,0,1,,1,0,1,0,1,1,,1,1,1,0
synthetic_1209,train,clarify,,1,1,1,0,,1,0,,1,1,1,1,1,1,,,0,1,1,1,1,0,1,1,1,1,0,0
synthetic_0304,train,revise,1,0,1,,0,1,1,1,1,1,1,0,1,,1,1,,0,1,1,1,0,1,1,1,1,1,1,
synthetic_1245,validation,clarify,1,,1,1,1,0,1,0,0,,,,,,,,,1,1,1,1,,0,,,1,,,
synthetic_1268,validation,clarify,1,0,1,1,0,,1,,1,,,1,,1,1,1,,1,1,1,1,1,,1,1,1,0,0,
synthetic_0251,train,revise,1,1,1,1,1,1,1,1,1,1,,1,0,1,0,,1,,,0,1,1,1,1,1,1,1,1,
synthetic_0084,train,research,1,0,1,1,0,0,1,1,1,1,1,1,1,1,1,1,1,1,1,1,1,1,1,1,1,1,,,
synthetic_0686,train,blocked,1,1,,1,,0,1,,0,,,,,,,,,,1,,1,1,1,0,1,,,,
synthetic_0094,train,research,1,,1,1,,,1,1,0,,,,,,,,,1,1,1,1,1,1,1,1,1,,,
synthetic_1220,train,clarify,1,,1,,1,,1,1,0,,,,,,,,,0,0,,1,1,,,,1,,,
synthetic_0802,train,blocked,1,1,,1,0,0,0,1,1,1,0,1,1,,,1,1,1,,1,0,,,0,1,1,0,0,
synthetic_0645,train,blocked,1,1,1,1,1,1,1,0,1,,1,1,1,0,1,1,0,1,1,1,0,0,,1,,1,,,1
synthetic_0763,train,blocked,,1,1,,,0,,1,0,,,,,,,,,1,0,0,0,0,1,1,1,1,,,
synthetic_0014,train,research,1,0,1,1,1,,1,1,1,1,1,1,1,1,1,1,1,1,1,1,1,1,1,1,1,1,1,1,0
synthetic_0040,train,research,1,1,1,1,1,0,1,1,1,1,1,1,1,1,1,1,1,1,1,1,1,1,1,1,1,1,0,0,
synthetic_1034,train,clarify,,1,1,1,0,1,1,0,1,1,1,1,1,1,,,,1,,1,,,0,,,,1,1,
synthetic_0724,train,blocked,1,1,0,1,,1,1,0,0,,,,,,,,,1,0,1,0,0,1,1,0,1,,,
synthetic_0795,train,blocked,,1,0,,1,1,0,1,1,0,0,1,0,1,1,,,1,1,0,1,0,0,1,0,1,,,1
synthetic_1065,train,clarify,,,1,1,0,1,1,0,,1,,1,,1,,1,1,,1,1,1,1,0,1,1,1,1,0,0
synthetic_1236,validation,clarify,,0,1,,1,1,,1,1,1,,1,1,1,1,1,1,,0,1,1,1,,1,1,1,1,1,
synthetic_0484,test,revise,0,,1,,1,0,1,1,1,,1,0,1,0,1,1,0,1,1,1,1,,1,1,0,1,,,1
synthetic_0170,train,revise,0,1,1,1,1,1,1,1,1,1,1,,1,1,1,1,,1,1,0,1,1,1,1,1,1,0,0,1
synthetic_1305,test,clarify,1,,1,,0,1,,,0,,,,,,,,,1,0,,1,1,1,,1,1,,,
synthetic_0504,test,revise,1,1,1,1,1,,1,1,1,1,,0,0,1,1,,1,,0,1,1,,1,1,1,,0,0,0
synthetic_1258,validation,clarify,1,1,1,1,0,1,,0,1,1,1,,,1,1,1,1,,,,1,1,,1,1,1,,,0
synthetic_0925,test,blocked,1,1,,1,0,1,0,1,1,0,1,1,1,1,,1,,1,0,0,1,1,1,1,1,0,1,0,0
synthetic_0015,train,research,1,,1,1,0,1,1,1,1,1,1,1,1,1,1,1,1,1,1,1,1,1,1,1,1,1,,,0
synthetic_0455,validation,revise,0,0,,,,1,1,1,0,,,,,,,,,0,,1,1,1,,1,,1,,,
synthetic_0559,train,blocked,,1,,0,,,1,,1,1,,1,0,1,,1,1,1,1,1,,1,0,0,0,0,1,0,1
synthetic_0556,train,blocked,1,1,1,0,,0,0,1,1,1,0,1,,0,1,1,0,,,0,1,1,1,1,1,1,,,0
synthetic_0135,test,research,1,1,1,1,,,1,1,0,,,,,,,,,1,1,1,1,1,1,1,1,1,,,
synthetic_0647,train,blocked,1,1,,0,0,1,0,1,1,1,1,0,1,0,1,,,1,1,0,1,1,,,1,1,1,1,0
synthetic_1207,train,clarify,,0,,,,0,1,0,0,,,,,,,,,,0,1,,1,1,,1,1,,,
synthetic_1316,test,clarify,1,0,1,,0,,1,1,0,,,,,,,,,0,,1,1,1,1,1,,,,,
synthetic_0419,train,revise,,0,,1,,0,1,1,1,0,1,,0,0,,1,,1,1,,1,,1,1,,1,0,0,
synthetic_1206,train,clarify,1,,1,1,0,0,1,0,,1,,1,1,1,,1,,,0,1,1,1,1,,1,1,1,1,0
synthetic_0155,train,revise,1,1,0,1,0,1,1,1,1,1,0,,1,1,0,1,1,1,0,,1,1,,1,0,0,0,0,1
synthetic_0633,train,blocked,1,,1,0,0,1,0,1,,,1,1,0,1,1,,0,0,1,0,1,1,1,1,1,1,0,0,
synthetic_0526,test,revise,1,1,1,1,1,1,1,0,1,0,1,1,1,1,1,0,1,0,,,1,1,0,1,0,1,0,0,1
synthetic_0372,train,revise,,1,,1,1,,1,1,1,,0,,0,1,1,0,,,1,1,1,0,,1,,0,,,0
synthetic_0117,validation,research,1,0,1,1,,,1,1,1,1,1,1,1,1,1,1,1,1,1,1,1,1,1,1,1,1,1,1,0
synthetic_0542,train,blocked,1,0,,,0,1,1,1,0,,,,,,,,,1,1,,0,0,1,0,1,,,,
synthetic_0969,train,clarify,1,1,1,1,,0,1,0,0,,,,,,,,,0,1,1,,,1,1,,1,,,
synthetic_0269,train,revise,0,1,1,0,0,0,1,0,1,1,1,,1,,0,1,,1,1,1,1,1,1,1,1,0,1,1,1
synthetic_0079,train,research,1,1,1,1,,0,1,1,1,1,1,1,1,1,1,1,1,1,1,1,1,1,1,1,1,1,0,0,
synthetic_0472,validation,revise,,1,1,1,0,,1,1,1,1,1,1,1,,1,1,1,1,,1,1,1,1,1,1,0,1,0,
synthetic_1226,validation,clarify,1,,1,1,1,,1,,0,,,,,,,,,,0,1,1,1,,,1,1,,,
synthetic_1299,test,clarify,1,,1,,,0,1,,,1,,1,1,1,,1,1,,1,,1,,1,1,,1,0,0,
synthetic_0344,train,revise,1,1,1,1,,1,1,,1,,0,0,1,,0,1,,,1,0,1,,1,1,,1,1,1,
synthetic_0770,train,blocked,,1,0,,1,0,0,,1,1,1,1,1,1,0,,0,1,1,0,1,1,,1,1,0,,,
synthetic_1026,train,clarify,1,0,1,1,1,,1,0,1,,1,1,,1,,1,1,,0,,1,1,0,1,1,1,,,
synthetic_1216,train,clarify,,0,1,1,0,0,1,,0,,,,,,,,,0,1,1,1,1,1,,1,1,,,
synthetic_0539,test,revise,1,1,0,1,1,1,1,1,0,,,,,,,,,1,1,1,1,0,1,1,0,1,,,
synthetic_1038,train,clarify,1,1,1,1,1,1,1,1,0,,,,,,,,,1,1,,,1,1,,1,1,,,
synthetic_0184,train,revise,0,0,,1,0,1,1,1,1,0,,1,0,1,1,,0,,1,1,1,0,1,1,0,1,,,
synthetic_0308,train,revise,1,1,1,1,1,1,1,,,,1,,1,,1,1,1,0,,0,1,1,1,1,0,1,0,0,1
synthetic_0385,train,revise,1,,0,0,1,1,1,1,1,1,,1,1,1,0,0,,1,1,1,1,1,,1,1,0,,,
synthetic_1109,train,clarify,1,1,1,,1,0,,1,0,,,,,,,,,,,,,1,,1,,1,,,
synthetic_1239,validation,clarify,,,,1,,0,1,0,0,,,,,,,,,1,0,,,1,1,1,,1,,,
synthetic_1204,train,clarify,1,,,1,1,0,1,1,0,,,,,,,,,0,0,1,1,,,1,1,1,,,
synthetic_0348,train,revise,0,,0,,,,1,1,1,1,0,1,0,1,1,0,,0,1,,1,,1,1,1,,,,1
synthetic_0144,train,revise,1,,0,1,1,0,1,,0,,,,,,,,,1,1,0,1,1,1,1,1,1,,,
synthetic_1050,train,clarify,,1,,,0,0,1,0,0,,,,,,,,,1,,1,1,1,1,1,,1,,,
synthetic_0256,train,revise,0,,,1,1,1,1,0,1,1,,1,0,0,1,,1,1,1,0,1,0,0,1,1,0,,,1
synthetic_0046,train,research,1,1,1,1,0,1,1,1,1,1,1,1,1,1,1,1,1,1,1,1,1,1,1,1,1,1,,,0
synthetic_0596,train,blocked,,1,1,,1,1,,1,1,0,,1,1,,1,1,1,1,1,1,1,1,,0,1,1,0,0,0
synthetic_0897,test,blocked,1,0,1,1,1,0,0,1,1,1,,0,1,1,1,0,1,0,1,0,1,1,,1,0,1,0,0,0
synthetic_0424,validation,revise,0,1,1,1,0,1,1,1,,1,1,1,1,0,1,1,,1,0,0,1,1,1,1,1,1,1,0,1
synthetic_0165,train,revise,0,0,1,0,1,,1,,1,1,0,1,1,1,1,1,1,0,,1,1,1,0,1,0,1,0,0,0
synthetic_1320,test,clarify,1,,1,,0,0,1,,1,,1,,,,1,,,1,1,,,1,0,1,1,1,,,0
synthetic_0681,train,blocked,0,1,1,1,1,0,1,1,1,1,1,0,,1,0,1,1,,1,,0,0,0,1,0,0,1,0,
synthetic_0319,train,revise,0,,1,0,,1,1,1,0,,,,,,,,,0,1,1,1,1,1,1,,1,,,
synthetic_1212,train,clarify,1,1,1,,,0,1,,0,,,,,,,,,,,1,1,1,,1,,1,,,
synthetic_1071,train,clarify,1,0,,,0,1,1,,0,,,,,,,,,0,0,1,1,1,,,,,,,
synthetic_0660,train,blocked,,1,1,,0,0,,,0,,,,,,,,,1,1,,0,0,0,0,1,1,,,
synthetic_1133,train,clarify,1,,1,,1,,1,0,,1,1,1,,,1,1,,0,0,,1,1,1,1,,1,1,1,0
synthetic_1269,validation,clarify,1,0,1,1,0,0,1,,1,1,1,1,,1,1,,,1,1,,1,1,1,1,1,1,1,1,
synthetic_0550,train,blocked,,0,0,1,1,,1,1,1,1,1,0,0,1,1,1,0,,1,1,1,1,1,0,1,1,0,0,
synthetic_1153,train,clarify,1,0,1,,,1,,,,,1,1,,1,1,,1,0,,1,1,1,,1,,,1,0,0
synthetic_1323,test,clarify,1,,1,1,,,1,1,,,,1,,1,1,,,0,0,,1,1,1,1,1,1,,,
synthetic_0460,validation,revise,1,1,1,1,1,0,1,,1,0,1,0,0,1,1,0,0,0,1,1,1,0,,1,1,1,0,0,
synthetic_0077,train,research,1,0,1,1,1,0,1,1,1,1,1,1,1,1,1,1,1,1,1,1,1,1,1,1,1,1,1,0,0
synthetic_0488,test,revise,1,1,1,1,1,0,1,1,1,,1,1,0,,1,1,,1,0,1,1,1,1,1,,1,,,1
synthetic_0093,train,research,1,0,1,1,,0,1,1,1,1,1,1,1,1,1,1,1,1,1,1,1,1,1,1,1,1,1,1,0
synthetic_1242,validation,clarify,1,,,1,1,,,,0,,,,,,,,,1,1,1,1,,,,1,,,,
synthetic_0766,train,blocked,,1,1,1,1,,1,0,,,1,1,0,1,1,1,,0,,1,0,0,0,1,1,1,1,1,1
synthetic_1077,train,clarify,1,,1,1,1,0,1,,,1,,1,1,1,1,,1,,0,1,1,1,1,,,,0,0,0
synthetic_0678,train,blocked,0,1,,1,0,1,0,1,1,1,1,0,1,1,,1,,0,1,0,0,1,1,0,,1,0,0,0
synthetic_1166,train,clarify,1,,1,1,1,1,1,,,,1,1,1,,1,1,1,0,1,1,,1,1,1,1,1,1,1,
synthetic_0651,train,blocked,,0,0,,0,1,,,1,1,1,1,1,,0,,0,1,0,,0,0,1,1,,1,0,0,
synthetic_0970,train,clarify,1,0,1,1,,0,,0,,,1,1,1,1,1,1,1,,0,,1,1,0,1,1,1,1,1,
synthetic_0619,train,blocked,0,1,,1,0,1,0,1,0,,,,,,,,,,,0,1,,,0,,1,,,
synthetic_0846,validation,blocked,1,1,,,0,1,1,1,0,,,,,,,,,,1,1,1,1,,0,1,1,,,
synthetic_0544,train,blocked,0,1,1,1,1,1,1,,,0,1,1,1,1,1,,0,1,,1,0,0,,,1,1,0,0,1
synthetic_0661,train,blocked,1,1,,1,1,1,,1,1,0,1,1,1,1,1,,1,,1,1,1,1,0,0,1,1,1,0,
synthetic_0413,train,revise,1,1,1,1,1,1,1,1,1,1,1,0,1,,1,,1,1,1,1,1,1,1,1,1,1,,,1
synthetic_0949,train,clarify,1,1,1,1,,0,,0,0,,,,,,,,,,1,1,,1,1,,1,1,,,
synthetic_1231,validation,clarify,1,1,1,1,,1,,1,,,1,1,,1,1,,1,,,1,1,1,1,1,,1,1,1,0
synthetic_0869,validation,blocked,1,,1,1,1,,1,1,1,0,,1,0,1,0,1,1,1,,1,0,1,1,0,1,1,1,0,1
synthetic_0100,validation,research,1,1,1,1,,,1,1,1,1,1,1,1,1,1,1,1,1,1,1,1,1,1,1,1,1,1,1,
synthetic_0761,train,blocked,,1,1,1,,1,1,1,1,,1,1,1,1,0,1,1,1,1,1,1,0,1,0,,,0,0,
synthetic_0146,train,revise,1,1,,1,1,0,1,1,1,,0,1,,0,,1,0,1,1,1,1,1,1,1,1,1,1,0,
synthetic_0219,train,revise,,1,1,0,1,,1,1,1,1,1,1,1,1,0,1,,1,,0,1,,,1,1,1,1,0,0
synthetic_0068,train,research,1,0,1,1,,0,1,1,1,1,1,1,1,1,1,1,1,1,1,1,1,1,1,1,1,1,1,1,
synthetic_1027,train,clarify,,0,1,,,,1,,0,,,,,,,,,,,1,,1,0,1,,1,,,
synthetic_0839,validation,blocked,,,1,1,1,1,1,1,,1,1,1,1,1,1,,1,1,1,0,0,0,0,1,,1,,,0
synthetic_0676,train,blocked,1,1,1,1,1,1,,1,1,1,1,1,,0,,,1,1,1,1,0,0,,,1,,0,0,
synthetic_1171,train,clarify,1,0,1,,1,1,1,0,,1,1,,1,1,1,1,,0,,1,,,0,,,1,0,0,0
synthetic_0130,test,research,1,0,1,1,0,,1,1,1,1,1,1,1,1,1,1,1,1,1,1,1,1,1,1,1,1,,,0
synthetic_0762,train,blocked,1,1,,,1,1,0,,1,1,1,1,0,0,,1,0,1,0,0,1,1,0,1,1,0,0,0,1
synthetic_0945,train,clarify,,1,,1,,0,1,,1,1,1,,1,1,1,1,1,,,1,1,1,1,1,,1,1,0,0
synthetic_0981,train,clarify,,0,1,1,0,0,1,,,1,1,1,,,1,1,1,,0,,1,1,,1,,,,,
synthetic_0917,test,blocked,1,1,,0,1,,0,1,0,,,,,,,,,1,,0,1,1,,0,0,1,,,
synthetic_0218,train,revise,1,1,1,1,1,0,1,,1,1,0,,0,0,1,,1,0,1,1,1,1,0,1,1,1,1,0,1
synthetic_1233,validation,clarify,,0,,,0,0,1,1,,1,1,1,1,,1,1,,,1,1,1,,,1,,1,0,0,
synthetic_0568,train,blocked,1,1,1,,0,1,1,,0,,,,,,,,,0,1,1,0,0,1,,,0,,,
synthetic_0249,train,revise,0,1,1,1,1,1,1,1,1,,1,0,0,0,1,1,0,0,1,,1,0,,1,1,,1,0,1
synthetic_0036,train,research,1,1,1,1,,0,1,1,1,1,1,1,1,1,1,1,1,1,1,1,1,1,1,1,1,1,1,0,
synthetic_1090,train,clarify,,1,1,,0,1,1,1,1,,1,1,,1,1,,1,0,,,1,,0,1,1,1,1,1,0
synthetic_0459,validation,revise,,0,1,1,1,1,1,,1,,1,1,0,0,,0,1,,1,,1,1,0,1,1,0,,,1
synthetic_0965,train,clarify,1,,,1,0,,1,1,,1,,1,1,1,,1,1,1,,1,1,1,,,1,1,1,0,
synthetic_0737,train,blocked,1,0,1,1,1,,0,1,1,0,0,1,,,1,1,,1,0,0,1,1,1,,1,1,,,0
synthetic_0106,validation,research,1,1,1,1,0,,1,1,0,,,,,,,,,1,1,1,1,1,1,1,1,1,,,
synthetic_0742,train,blocked,0,1,,1,1,1,0,,1,1,1,,1,,,0,1,1,1,0,1,1,,,,1,1,0,1
synthetic_0816,train,blocked,0,1,1,1,,,0,1,0,,,,,,,,,1,1,0,1,1,1,1,1,1,,,
synthetic_0581,train,blocked,1,1,1,1,1,,0,0,0,,,,,,,,,1,0,0,1,1,0,1,0,1,,,
synthetic_1010,train,clarify,1,1,1,,0,,1,1,1,1,,,1,1,,,1,1,1,1,1,1,0,1,1,1,,,0
synthetic_0307,train,revise,0,1,0,0,1,1,1,0,0,,,,,,,,,1,1,1,1,0,1,1,1,,,,
synthetic_0010,train,research,1,1,1,1,0,,1,1,1,1,1,1,1,1,1,1,1,1,1,1,1,1,1,1,1,1,0,0,0
synthetic_0392,train,revise,1,1,1,1,1,0,1,1,1,,1,,1,1,0,,1,1,0,1,1,,1,1,1,1,,,0
synthetic_0133,test,research,1,1,1,1,0,1,1,1,1,1,1,1,1,1,1,1,1,1,1,1,1,1,1,1,1,1,,,
synthetic_0373,train,revise,1,1,1,1,,1,1,1,1,,1,0,1,1,1,1,1,1,1,1,1,1,1,1,0,,1,1,1
synthetic_0926,test,blocked,1,0,,1,,1,1,,1,,1,1,1,0,1,1,1,1,1,1,1,1,1,0,,,1,0,
synthetic_0920,test,blocked,1,,,1,1,1,1,0,1,1,0,1,1,1,1,,0,1,1,1,1,1,1,0,0,1,1,0,
synthetic_0734,train,blocked,0,1,0,1,0,1,0,,0,,,,,,,,,1,,0,1,1,1,1,1,1,,,
synthetic_0405,train,revise,,1,1,,1,0,1,1,1,1,1,0,0,0,1,1,0,,1,,1,,1,1,1,1,0,0,0
synthetic_0533,test,revise,1,1,1,1,1,1,1,0,1,1,1,1,1,0,1,0,1,,0,0,1,1,1,1,0,1,0,0,1
synthetic_0276,train,revise,0,1,1,1,1,1,1,0,1,1,1,1,1,,1,1,0,1,1,1,1,0,1,1,0,1,1,1,1
synthetic_0009,train,research,1,,1,1,1,1,1,1,0,,,,,,,,,1,1,1,1,1,1,1,1,1,,,
synthetic_0088,train,research,1,,1,1,,1,1,1,1,1,1,1,1,1,1,1,1,1,1,1,1,1,1,1,1,1,,,0
synthetic_0692,train,blocked,1,1,1,1,1,1,1,1,1,0,1,1,1,1,1,1,1,0,,1,0,0,1,0,1,1,,,0
synthetic_0073,train,research,1,0,1,1,0,1,1,1,1,1,1,1,1,1,1,1,1,1,1,1,1,1,1,1,1,1,,,0
synthetic_0510,test,revise,0,,0,1,1,1,1,1,1,1,,,1,,0,0,,,1,1,1,1,1,1,1,0,1,0,
synthetic_1066,train,clarify,1,,,1,0,,1,0,0,,,,,,,,,1,,1,1,,0,,1,1,,,
synthetic_0879,validation,blocked,1,1,1,,,1,1,,0,,,,,,,,,1,1,0,0,1,1,0,1,,,,
synthetic_0598,train,blocked,1,,1,1,,0,1,,0,,,,,,,,,0,0,0,0,,0,0,0,1,,,
synthetic_0315,train,revise,1,,,,0,1,1,0,1,1,0,1,1,0,,1,,1,0,1,1,1,1,1,1,1,1,0,
synthetic_0713,train,blocked,1,1,1,1,1,1,1,1,1,,0,,1,0,1,,1,0,,1,0,0,,1,0,0,,,
synthetic_1029,train,clarify,,1,1,1,1,0,,,0,,,,,,,,,,1,1,1,,0,1,,1,,,
synthetic_0723,train,blocked,1,,0,0,,1,0,1,1,1,1,,1,1,1,1,1,1,0,0,0,1,1,1,0,1,0,0,
synthetic_0168,train,revise,0,1,0,1,1,1,1,1,1,0,,1,1,1,1,1,0,1,1,,1,0,0,1,0,,0,0,1
synthetic_0085,train,research,1,1,1,1,0,0,1,1,0,,,,,,,,,1,1,1,1,1,1,1,1,1,,,
synthetic_0525,test,revise,0,,1,0,,1,1,1,1,1,1,1,1,1,1,1,,1,1,1,1,1,1,1,1,1,1,1,
synthetic_0980,train,clarify,1,0,,1,0,,,,1,1,,1,,1,,,,,1,1,1,1,1,1,1,1,0,0,0
synthetic_0333,train,revise,0,0,1,1,,1,1,,1,0,0,1,1,1,,,1,1,,1,1,,0,1,,,1,0,0
synthetic_0752,train,blocked,1,1,1,,1,1,,1,,0,0,1,1,1,1,1,1,0,0,1,0,0,,0,1,,1,1,
synthetic_0189,train,revise,1,,,1,1,0,1,0,1,0,1,0,,1,1,0,1,1,,1,1,1,,1,1,0,1,0,
synthetic_0083,train,research,1,0,1,1,1,,1,1,1,1,1,1,1,1,1,1,1,1,1,1,1,1,1,1,1,1,0,0,0
synthetic_0523,test,revise,0,1,1,,1,1,1,0,1,0,1,1,0,1,1,,1,,1,1,1,0,1,1,1,,1,0,1
synthetic_0134,test,research,1,1,1,1,0,,1,1,1,1,1,1,1,1,1,1,1,1,1,1,1,1,1,1,1,1,1,0,0
synthetic_1126,train,clarify,,0,1,,,0,1,1,1,1,1,1,,1,1,1,,0,,1,1,,0,1,,1,1,1,
synthetic_0871,validation,blocked,1,1,,1,0,1,0,1,,,,0,0,1,0,0,0,0,1,0,1,1,1,1,0,1,1,1,1
synthetic_1262,validation,clarify,1,0,1,,,1,1,1,0,,,,,,,,,0,,,1,1,1,1,1,1,,,
synthetic_0894,test,blocked,0,1,1,,1,1,1,,,1,1,1,1,0,1,1,,1,1,0,0,0,,,1,0,1,1,0
synthetic_0125,test,research,1,0,1,1,1,0,1,1,1,1,1,1,1,1,1,1,1,1,1,1,1,1,1,1,1,1,0,0,
synthetic_0386,train,revise,,,0,1,,,1,1,,1,1,1,1,1,,0,1,0,1,,1,1,,1,0,1,0,0,
synthetic_0396,train,revise,1,0,,0,0,0,1,1,0,,,,,,,,,,1,1,1,,1,1,1,0,,,
synthetic_0277,train,revise,,,1,,,1,1,1,1,1,1,0,,,1,1,,1,,1,1,0,1,1,0,,1,0,
synthetic_0648,train,blocked,,1,1,,,1,0,1,0,,,,,,,,,1,1,0,0,0,1,1,1,,,,
synthetic_0870,validation,blocked,1,,0,0,1,1,,,1,1,,1,0,1,0,,1,1,,1,1,0,0,0,1,1,1,0,
synthetic_1058,train,clarify,1,1,1,1,1,1,1,1,1,,1,1,1,1,1,1,,0,1,1,,,,1,,1,1,0,
synthetic_0317,train,revise,0,,1,0,1,1,1,0,1,1,1,1,,1,0,1,,1,1,0,1,1,0,1,1,1,1,0,
synthetic_1162,train,clarify,1,,1,1,0,0,1,,0,,,,,,,,,1,0,1,1,1,1,1,1,,,,
synthetic_0534,test,revise,,1,1,1,0,1,1,1,1,1,,0,1,0,1,,1,,0,,1,1,1,1,0,1,,,0
synthetic_0142,train,revise,1,1,,1,1,,1,1,1,1,1,1,0,0,1,1,1,0,1,1,1,0,1,1,1,,,,0
synthetic_0862,validation,blocked,1,1,1,1,1,,0,,1,0,1,1,1,1,1,1,0,1,,,0,0,1,1,1,,1,1,0
synthetic_1091,train,clarify,1,0,1,,,,1,0,0,,,,,,,,,0,0,1,1,,,1,1,1,,,
synthetic_0401,train,revise,1,,1,0,0,1,1,1,1,1,1,0,1,,1,1,0,1,1,1,1,,1,1,1,1,1,1,1
synthetic_0873,validation,blocked,1,1,1,1,1,,1,0,1,,,1,0,0,0,1,,1,1,1,0,0,1,1,0,0,0,0,
synthetic_0306,train,revise,1,,,1,1,0,1,1,1,1,,1,1,,0,1,1,0,,1,1,0,0,1,1,1,0,0,
synthetic_1276,validation,clarify,1,,1,1,0,,,1,0,,,,,,,,,,1,1,1,,,1,,1,,,
synthetic_1070,train,clarify,,,1,,0,0,1,1,1,1,1,1,1,1,1,,1,0,1,1,1,1,1,1,1,,,,0
synthetic_0436,validation,revise,,1,1,1,1,,1,1,1,1,1,1,1,1,0,1,0,1,,1,1,1,0,1,1,0,0,0,1
synthetic_1241,validation,clarify,1,0,1,,0,1,1,,,,,1,1,,1,,,0,0,1,1,,0,1,1,,0,0,
synthetic_0843,validation,blocked,1,1,1,,1,,0,0,0,,,,,,,,,,1,0,0,,0,1,,,,,
synthetic_0604,train,blocked,1,0,1,1,1,1,,1,,1,0,1,1,0,1,0,0,1,1,0,1,1,1,0,1,1,1,1,1
synthetic_0358,train,revise,1,0,1,1,1,0,1,0,1,1,1,1,1,0,0,1,1,1,1,1,1,,,1,1,1,1,1,
synthetic_1194,train,clarify,,,,,1,0,1,1,1,1,1,1,,1,1,1,,0,0,1,,,0,1,,,0,0,
synthetic_0833,validation,blocked,1,,0,1,1,1,,1,1,,,1,,1,1,1,1,1,0,1,1,1,0,0,0,,0,0,
synthetic_0814,train,blocked,1,,1,1,1,1,,1,1,,1,1,1,,,0,0,1,,,0,0,1,,,1,1,0,1
synthetic_0485,test,revise,,,1,,1,1,1,0,1,,1,,1,,1,1,0,1,1,,1,0,,1,0,1,1,1,1
synthetic_1160,train,clarify,,1,,,0,1,,0,,,1,1,1,1,1,1,1,1,1,1,,1,1,,,1,1,1,
synthetic_0150,train,revise,1,,1,1,,1,1,0,1,0,,1,1,1,1,,,1,0,1,1,0,0,1,1,0,1,0,0
synthetic_0953,train,clarify,1,0,,1,0,1,1,,0,,,,,,,,,,,1,,1,,,1,1,,,
synthetic_0291,train,revise,1,1,1,,1,1,1,1,1,1,1,,,0,1,0,1,0,1,0,1,,0,1,0,1,1,1,
synthetic_0177,train,revise,1,1,1,1,0,0,1,,1,0,0,1,0,1,0,1,1,0,0,1,1,,1,1,1,1,1,1,
synthetic_1150,train,clarify,,,1,1,,0,1,1,0,,,,,,,,,0,,1,1,1,0,,1,1,,,
synthetic_0389,train,revise,,1,1,1,1,0,1,1,1,1,,0,1,0,1,0,1,1,1,1,1,1,0,1,1,1,,,
synthetic_0423,validation,revise,0,,,0,1,1,1,,1,1,1,1,1,1,,1,1,1,1,,1,0,1,1,1,1,0,0,1
synthetic_0548,train,blocked,1,1,,1,1,1,0,0,0,,,,,,,,,1,,1,1,,1,0,1,1,,,
synthetic_0025,train,research,1,0,1,1,0,,1,1,1,1,1,1,1,1,1,1,1,1,1,1,1,1,1,1,1,1,1,1,0
synthetic_0131,test,research,1,1,1,1,0,,1,1,1,1,1,1,1,1,1,1,1,1,1,1,1,1,1,1,1,1,,,
synthetic_0174,train,revise,0,,1,0,,1,1,1,1,,1,,,1,,0,1,1,0,0,1,1,,1,1,,1,1,
synthetic_1223,validation,clarify,1,1,1,,0,,,,1,,1,,1,1,1,1,,0,,1,1,1,0,,1,1,1,1,0
synthetic_0560,train,blocked,1,1,1,1,0,1,0,,1,,1,1,0,1,0,1,,0,1,0,0,0,1,,,,0,0,
synthetic_1240,validation,clarify,1,1,,1,1,1,1,0,0,,,,,,,,,0,0,1,1,1,,1,,,,,
synthetic_0199,train,revise,1,1,1,1,0,1,1,0,1,,0,1,1,1,1,,1,,1,1,1,,1,1,1,1,1,0,1
synthetic_0382,train,revise,0,1,1,0,1,,1,1,0,,,,,,,,,1,0,1,1,1,1,1,0,0,,,
synthetic_0067,train,research,1,0,1,1,1,,1,1,1,1,1,1,1,1,1,1,1,1,1,1,1,1,1,1,1,1,,,
synthetic_0437,validation,revise,1,1,,0,1,0,1,1,1,1,0,1,0,1,1,0,0,,1,1,1,0,1,1,,,0,0,1
synthetic_1308,test,clarify,1,,1,1,0,,,1,0,,,,,,,,,,1,1,1,1,0,1,1,,,,
synthetic_0733,train,blocked,1,,1,,1,0,1,1,,0,1,1,1,1,1,,1,1,1,1,1,,1,0,,1,1,1,
synthetic_0420,train,revise,,0,1,1,,1,1,1,1,1,1,1,0,,1,1,,,1,,1,0,1,1,0,0,,,
synthetic_1119,train,clarify,1,,1,1,0,1,1,1,1,,,1,1,1,1,1,1,0,1,,,1,1,1,1,1,1,1,0
synthetic_0608,train,blocked,1,1,1,1,1,1,1,1,1,1,1,,1,0,,,0,,1,1,1,1,,0,1,,,,0
synthetic_1011,train,clarify,1,0,1,1,,1,1,1,1,,1,1,,,1,1,1,1,1,1,1,1,1,,1,1,1,1,0
synthetic_0606,train,blocked,0,1,,0,1,1,,0,0,,,,,,,,,1,1,1,,1,1,0,,1,,,
synthetic_0513,test,revise,,0,1,0,0,1,1,1,1,0,0,1,1,1,,,,1,,0,1,,0,1,1,0,1,1,
synthetic_0368,train,revise,,1,,0,,0,1,0,,1,,1,1,1,0,1,,,1,,1,1,0,1,1,,1,1,1
synthetic_0111,validation,research,1,,1,1,1,1,1,1,1,1,1,1,1,1,1,1,1,1,1,1,1,1,1,1,1,1,1,0,
synthetic_0662,train,blocked,1,1,,,,0,0,0,1,1,1,0,1,1,,0,0,0,1,0,1,1,1,,0,1,1,0,0
synthetic_0819,train,blocked,1,1,,0,1,,0,0,,,0,1,,,1,0,1,1,1,0,1,0,1,1,0,,,,
synthetic_0963,train,clarify,1,0,,1,1,0,1,,,,1,,1,1,,1,1,,,1,,1,,1,1,1,1,0,0
synthetic_0241,train,revise,1,1,0,0,,0,1,,,1,1,,1,1,0,1,1,1,,0,1,1,1,1,0,1,0,0,1
synthetic_0585,train,blocked,1,0,1,1,0,0,0,1,1,0,1,1,1,1,1,1,0,0,0,1,1,1,,0,,1,1,0,0
synthetic_1225,validation,clarify,1,,1,1,0,1,1,1,0,,,,,,,,,,1,1,1,1,,,,1,,,
synthetic_0947,train,clarify,1,0,,1,0,0,,1,0,,,,,,,,,,,1,,1,,,,1,,,
synthetic_0698,train,blocked,1,,0,1,,1,1,1,1,0,,1,0,1,1,0,1,0,,,0,,1,0,1,1,1,1,
synthetic_0901,test,blocked,0,1,1,0,0,,1,1,0,,,,,,,,,,,1,0,0,0,0,1,,,,
synthetic_1155,train,clarify,1,,,1,0,,1,0,0,,,,,,,,,,1,,,1,1,,1,1,,,
synthetic_0881,test,blocked,1,1,1,,1,0,1,1,1,,1,1,,0,1,1,,1,1,1,0,0,0,0,0,1,0,0,1
synthetic_0886,test,blocked,1,0,1,1,1,1,1,,1,1,,1,1,0,1,,1,1,1,1,1,0,1,0,1,1,,,
synthetic_0946,train,clarify,1,1,1,1,1,0,,0,0,,,,,,,,,0,0,1,,,0,1,1,1,,,
synthetic_0967,train,clarify,1,1,1,,0,0,1,1,0,,,,,,,,,,,1,1,,1,,,1,,,
synthetic_0138,test,research,1,1,1,1,0,0,1,1,1,1,1,1,1,1,1,1,1,1,1,1,1,1,1,1,1,1,1,1,0
synthetic_1132,train,clarify,1,1,1,1,,0,1,1,0,,,,,,,,,0,1,1,1,1,0,1,1,,,,
synthetic_1247,validation,clarify,1,0,1,1,0,1,1,,,,1,1,,1,1,,1,1,,,1,,,,,,1,1,
synthetic_0082,train,research,1,1,1,1,1,0,1,1,1,1,1,1,1,1,1,1,1,1,1,1,1,1,1,1,1,1,1,1,
synthetic_0904,test,blocked,1,1,,1,1,1,1,1,,0,1,1,1,1,1,1,,1,0,1,0,0,1,,1,0,1,0,
synthetic_0310,train,revise,1,1,1,0,0,1,1,1,1,1,0,1,1,,1,0,,1,0,1,1,0,,1,,1,1,1,1
synthetic_1273,validation,clarify,1,0,1,1,1,0,1,,1,1,1,,1,1,1,1,1,,,1,1,1,,1,1,,1,0,0
synthetic_0782,train,blocked,1,1,0,1,,1,1,0,0,,,,,,,,,1,1,,0,0,0,1,,1,,,
synthetic_0311,train,revise,1,1,1,1,0,0,1,1,1,1,1,,1,1,1,1,0,1,1,1,1,1,1,1,0,0,1,1,
synthetic_0554,train,blocked,1,1,1,,,0,0,0,1,1,1,1,,1,1,1,1,1,,0,0,1,1,1,,0,0,0,
synthetic_1243,validation,clarify,1,0,1,,1,0,1,0,1,,,,1,,,1,1,1,0,,1,,1,,1,,1,1,
synthetic_0785,train,blocked,1,1,1,1,1,1,0,1,0,,,,,,,,,,1,0,1,1,0,1,1,0,,,
synthetic_1190,train,clarify,,,,,0,,,0,,1,,,,,,,,,0,1,,1,1,,1,,1,1,
synthetic_0302,train,revise,,1,1,1,1,1,1,,1,1,1,1,0,1,0,,1,1,0,1,1,1,1,1,,1,1,1,0
synthetic_1198,train,clarify,1,1,1,,1,,,0,0,,,,,,,,,,,1,,1,1,1,1,1,,,
synthetic_0112,validation,research,1,1,1,1,,1,1,1,1,1,1,1,1,1,1,1,1,1,1,1,1,1,1,1,1,1,1,0,0
synthetic_0727,train,blocked,1,0,,0,0,1,0,,0,,,,,,,,,1,1,0,1,1,0,1,,1,,,
synthetic_0905,test,blocked,,1,1,0,1,,0,0,1,1,,0,0,1,,1,1,1,1,0,1,,1,0,0,,0,0,1
synthetic_0267,train,revise,,,,1,0,1,1,1,1,1,1,0,1,,0,,1,,1,1,1,1,1,1,1,,1,0,
synthetic_0244,train,revise,1,1,1,0,1,1,1,1,1,1,1,1,1,0,1,0,0,,1,0,1,0,,1,1,1,0,0,0
synthetic_1238,validation,clarify,1,,,,0,1,1,0,0,,,,,,,,,,,1,,1,0,,1,,,,
synthetic_0039,train,research,1,0,1,1,0,0,1,1,1,1,1,1,1,1,1,1,1,1,1,1,1,1,1,1,1,1,1,1,0
synthetic_1005,train,clarify,1,,1,1,,1,1,1,1,1,1,1,1,1,1,1,,,0,1,,,1,1,1,1,1,0,0
synthetic_0229,train,revise,1,1,0,,1,1,1,1,1,1,0,1,1,0,1,1,1,0,0,1,1,1,1,1,0,0,,,1
synthetic_1180,train,clarify,1,,1,1,0,,,0,0,,,,,,,,,,,1,1,1,0,1,1,,,,
synthetic_0045,train,research,1,,1,1,0,1,1,1,1,1,1,1,1,1,1,1,1,1,1,1,1,1,1,1,1,1,1,0,
synthetic_0393,train,revise,0,,1,0,0,0,1,0,1,1,1,1,0,1,1,1,1,1,,0,1,1,0,1,0,,1,1,0
synthetic_1278,validation,clarify,1,1,1,1,1,0,1,0,,1,1,,,1,1,1,1,0,1,1,1,1,1,,1,,1,0,0
synthetic_0178,train,revise,1,,0,1,1,1,1,,1,,0,0,1,1,1,,1,,1,0,1,,1,1,,1,0,0,1
synthetic_0361,train,revise,0,,,0,1,1,1,0,1,,0,1,0,1,1,1,0,1,1,1,1,0,0,1,,,1,1,
synthetic_0342,train,revise,0,1,1,1,,1,1,1,1,0,0,1,1,1,0,1,1,1,1,,1,,0,1,1,1,0,0,
synthetic_1095,train,clarify,1,1,1,1,,,,0,0,,,,,,,,,,0,1,1,1,,,1,,,,
synthetic_0444,validation,revise,1,1,1,,,,1,1,1,,0,1,1,0,0,0,1,0,1,1,1,1,0,1,1,0,,,
synthetic_0702,train,blocked,0,1,0,,1,1,0,0,,1,,0,1,1,1,1,1,1,,0,1,0,1,1,1,,0,0,1
synthetic_0479,validation,revise,1,1,1,,1,,1,,0,,,,,,,,,0,1,,1,1,1,1,0,0,,,
synthetic_0765,train,blocked,1,0,0,1,0,1,0,1,,0,1,0,,1,1,1,1,1,,0,0,1,1,,0,1,1,0,0
synthetic_0439,validation,revise,1,,,1,,1,1,0,0,,,,,,,,,0,,1,1,0,,1,0,1,,,
synthetic_0463,validation,revise,1,1,1,,1,1,1,,1,1,0,0,,1,1,0,1,0,1,0,1,1,0,1,1,,1,0,1
synthetic_0078,train,research,1,1,1,1,1,0,1,1,1,1,1,1,1,1,1,1,1,1,1,1,1,1,1,1,1,1,,,0
synthetic_0450,validation,revise,1,0,0,1,1,1,1,1,1,0,1,1,0,1,,1,,1,1,0,1,0,0,1,,1,0,0,0
synthetic_0558,train,blocked,1,1,1,1,0,1,1,1,1,,1,1,,0,0,1,1,1,1,1,0,0,1,0,1,1,,,0
synthetic_0565,train,blocked,1,,1,1,1,1,1,1,1,1,,0,0,1,1,0,,1,0,1,1,0,1,0,0,,1,1,0
synthetic_0089,train,research,1,,1,1,0,0,1,1,0,,,,,,,,,1,1,1,1,1,1,1,1,1,,,
synthetic_0667,train,blocked,,0,1,,1,1,1,,0,,,,,,,,,1,1,1,1,,,0,1,1,,,
synthetic_0280,train,revise,0,1,1,,1,0,1,1,1,,1,,,1,1,,1,1,0,1,1,,1,1,0,0,1,0,
synthetic_0299,train,revise,1,0,1,0,,1,1,,0,,,,,,,,,1,1,1,1,,,1,1,1,,,
synthetic_0682,train,blocked,1,1,1,1,,,0,1,1,1,1,,1,1,,,,1,1,,0,0,1,1,1,0,1,1,0
synthetic_1255,validation,clarify,1,,,,1,1,1,,0,,,,,,,,,1,0,1,1,1,0,1,1,,,,
synthetic_0586,train,blocked,0,,,,1,1,1,1,1,0,1,0,0,1,1,,1,0,,,0,0,,0,1,1,,,1
synthetic_0426,validation,revise,1,,0,1,,1,1,1,1,,1,0,1,,0,1,1,1,1,1,1,1,1,1,1,0,,,0
synthetic_0527,test,revise,1,0,0,,1,1,1,1,1,1,,0,,,1,,1,1,0,1,1,,0,1,0,0,1,1,0
synthetic_0914,test,blocked,1,1,1,,1,0,0,1,0,,,,,,,,,0,1,0,,,1,,1,1,,,
synthetic_0137,test,research,1,0,1,1,0,,1,1,0,,,,,,,,,1,1,1,1,1,1,1,1,1,,,
synthetic_0811,train,blocked,0,1,1,1,1,1,1,,1,1,0,1,0,1,1,,,1,1,,1,1,1,0,0,1,1,0,
synthetic_0956,train,clarify,,0,1,1,,0,1,1,0,,,,,,,,,,,1,1,,,1,1,,,,
synthetic_0205,train,revise,1,1,1,1,,1,1,1,1,,1,1,1,1,1,0,1,0,1,0,1,,,1,1,1,1,0,1
synthetic_0288,train,revise,1,1,0,0,0,0,1,0,1,0,1,1,1,0,1,0,0,1,1,1,1,1,0,1,1,1,,,1
synthetic_0806,train,blocked,0,0,0,1,,0,1,1,0,,,,,,,,,1,0,1,0,0,,0,1,,,,
synthetic_0192,train,revise,1,,0,1,1,1,1,1,1,1,0,1,1,,1,1,0,1,1,1,1,1,,1,,1,0,0,0
synthetic_0370,train,revise,1,,,0,1,1,1,1,1,,,1,0,1,,0,1,1,,,1,,,1,1,1,0,0,1
synthetic_0187,train,revise,1,1,1,0,1,1,1,1,1,1,0,0,1,1,1,1,,0,,1,1,0,,1,,0,1,1,1
synthetic_0720,train,blocked,1,1,1,,,1,0,1,,1,1,1,1,,1,0,0,1,1,0,1,1,1,0,0,1,0,0,0
synthetic_0771,train,blocked,1,,1,0,0,1,,1,,1,1,1,1,1,1,0,1,,1,1,0,0,,1,1,,0,0,1
synthetic_0351,train,revise,1,1,1,1,1,,1,1,1,1,1,1,1,1,1,0,0,0,,0,1,1,0,1,0,,1,0,
synthetic_0529,test,revise,0,1,1,0,1,0,1,0,0,,,,,,,,,0,,,1,,,1,0,1,,,
synthetic_0851,validation,blocked,1,1,1,,1,0,1,,1,1,0,,1,1,0,,1,,,1,1,0,1,0,1,1,1,1,1
synthetic_0994,train,clarify,,1,1,,1,,,1,0,,,,,,,,,0,1,,1,1,0,,1,1,,,
synthetic_1167,train,clarify,1,0,,1,,1,1,0,1,1,1,1,1,1,1,,1,0,,1,1,1,,,1,1,,,0
synthetic_0594,train,blocked,1,0,0,1,1,1,0,1,0,,,,,,,,,0,1,0,1,1,,,1,1,,,
synthetic_0826,validation,blocked,1,1,0,1,0,0,1,1,1,,0,1,1,,0,1,1,1,1,,0,0,0,0,1,0,1,1,
synthetic_1261,validation,clarify,,0,1,1,,,1,1,0,,,,,,,,,,0,1,1,1,,1,,1,,,
synthetic_0725,train,blocked,0,,,1,0,1,1,1,1,1,1,0,0,1,1,0,,1,1,1,0,0,1,,0,,,,1
synthetic_0780,train,blocked,0,1,0,1,1,,1,1,,0,1,,1,1,0,1,1,1,1,1,,1,0,0,,1,1,0,0
synthetic_0191,train,revise,1,,1,1,,0,1,1,1,0,1,0,1,0,1,1,,1,1,1,1,1,0,1,1,0,1,1,0
synthetic_0512,test,revise,0,,,1,1,0,1,0,1,1,0,1,1,0,1,1,1,1,0,0,1,1,1,1,1,1,1,1,1
synthetic_0183,train,revise,1,,0,0,1,1,1,,,1,1,1,,,1,0,1,1,1,1,1,,1,1,0,,0,0,
synthetic_0712,train,blocked,,0,,1,,1,0,1,,0,0,1,1,1,0,0,,,1,0,1,1,,1,0,0,,,1
synthetic_0828,validation,blocked,1,,0,,1,,,1,1,0,,1,1,,0,1,1,1,1,1,0,0,,1,1,,0,0,0
synthetic_0287,train,revise,,1,0,,0,1,1,1,0,,,,,,,,,1,0,1,1,0,1,1,0,0,,,
synthetic_1246,validation,clarify,1,,,1,1,1,1,,1,1,,,,1,1,,1,,1,1,,1,,1,,,,,
synthetic_1094,train,clarify,,1,,1,0,1,1,1,1,,,1,1,1,1,1,1,0,1,1,1,1,,1,,,0,0,
synthetic_0228,train,revise,1,1,0,1,1,1,1,0,1,1,0,0,1,1,,1,1,0,0,0,1,1,1,1,1,1,0,0,1
synthetic_1068,train,clarify,1,,,1,,0,,,0,,,,,,,,,1,,,1,1,0,,1,1,,,
synthetic_0959,train,clarify,1,,1,1,0,1,1,1,,1,1,1,1,1,1,1,1,1,1,,,1,1,1,,1,0,0,
synthetic_1149,train,clarify,1,0,1,,0,,1,,1,1,,,1,1,,1,1,0,,1,1,1,1,1,1,1,1,1,
synthetic_0735,train,blocked,1,1,0,1,,1,0,1,,1,,0,,0,1,1,1,1,,0,1,0,1,0,1,0,1,1,0
synthetic_1330,test,clarify,,0,,1,,1,,0,0,,,,,,,,,1,0,1,1,1,1,1,,1,,,
synthetic_0232,train,revise,,1,1,1,1,1,1,,1,1,0,1,0,1,,0,0,0,1,1,1,1,1,1,0,1,,,
synthetic_0629,train,blocked,0,1,0,1,1,1,1,1,1,1,0,0,,,1,1,,1,1,1,1,,1,0,1,1,1,1,0
synthetic_0402,train,revise,1,1,0,1,1,0,1,1,1,1,1,1,,1,1,1,1,1,1,0,1,1,1,1,1,1,,,0
synthetic_0266,train,revise,1,1,1,1,1,,1,0,1,,0,1,0,,0,,1,1,,1,1,1,0,1,1,,1,0,0
synthetic_1219,train,clarify,,1,1,,,,1,1,,1,1,1,1,,1,,1,0,0,,,1,0,1,1,1,,,0
synthetic_0644,train,blocked,1,,1,0,,1,,,0,,,,,,,,,1,0,,1,1,1,0,1,1,,,
synthetic_0867,validation,blocked,1,1,1,1,,0,1,,1,1,0,1,0,1,1,,1,1,,1,1,1,1,0,0,0,0,0,1
synthetic_0188,train,revise,1,,1,1,0,1,1,1,1,0,1,1,0,0,1,1,0,1,1,1,1,1,0,1,0,1,1,0,
synthetic_1214,train,clarify,1,,1,1,,1,,,1,1,1,,,1,1,,1,,,1,,1,,1,,1,,,
synthetic_0923,test,blocked,1,0,0,0,0,,0,,,1,0,,1,1,1,1,1,,1,,1,1,1,0,0,0,1,0,0
synthetic_0282,train,revise,1,1,1,1,,1,1,1,1,,0,,0,1,1,0,1,1,1,,1,1,1,1,,,1,0,1
synthetic_1334,test,clarify,1,,1,1,0,1,1,,1,1,,1,1,1,,1,1,1,1,1,1,1,0,,1,1,,,
synthetic_0579,train,blocked,1,1,1,,1,,1,1,0,,,,,,,,,1,1,,0,0,0,1,1,1,,,
synthetic_0381,train,revise,1,1,,1,,1,1,1,,1,1,1,0,0,0,1,1,,,1,1,1,1,1,1,0,,,0
synthetic_0694,train,blocked,1,1,1,0,0,1,0,1,1,0,,1,1,0,1,0,0,1,1,0,,,1,1,1,0,,,
synthetic_1168,train,clarify,,,1,1,1,,,1,0,,,,,,,,,1,1,1,,1,1,1,1,1,,,
synthetic_1085,train,clarify,1,1,1,1,,1,1,0,1,,1,1,,,1,1,1,,,,1,1,1,1,1,1,0,0,0
synthetic_1290,test,clarify,1,0,1,,,1,,,0,,,,,,,,,1,1,1,1,1,1,1,1,1,,,
synthetic_0817,train,blocked,1,,1,1,1,1,1,1,0,,,,,,,,,0,1,0,0,0,0,1,1,,,,
synthetic_1033,train,clarify,1,0,1,1,0,1,1,1,1,,1,,1,1,,1,1,1,1,1,1,1,,,1,1,0,0,
synthetic_0290,train,revise,1,1,1,,0,,1,0,1,1,0,1,0,1,1,1,0,0,,1,1,0,,1,1,0,1,0,1
synthetic_0657,train,blocked,1,1,1,0,,0,1,0,0,,,,,,,,,1,1,1,0,0,1,0,1,1,,,
synthetic_0745,train,blocked,1,1,,1,1,0,,1,1,,,,,1,0,1,1,1,1,1,0,0,1,1,0,1,,,0
synthetic_0922,test,blocked,,,,,1,1,0,0,1,1,0,1,1,0,,0,,1,1,1,0,0,1,1,1,1,1,0,
synthetic_1130,train,clarify,1,,,1,,1,1,1,,,1,1,1,1,1,1,1,,0,1,1,1,1,1,1,1,0,0,0
synthetic_1134,train,clarify,,0,,1,1,,,,1,,,,,,1,,1,,0,1,1,1,1,1,,1,,,
synthetic_0417,train,revise,1,1,1,0,1,,1,1,1,1,1,0,1,1,1,0,1,0,0,1,1,,0,1,,,0,0,1
synthetic_0143,train,revise,1,1,1,0,1,0,1,0,1,,1,1,1,,1,,1,,,1,1,1,1,1,1,0,1,0,
synthetic_1154,train,clarify,1,,1,,0,1,1,1,,1,1,1,,1,1,,1,1,0,1,,,0,,1,1,1,0,0
synthetic_0326,train,revise,1,,0,0,,1,1,,1,1,1,0,1,,1,1,0,1,1,0,1,1,,1,1,0,,,
synthetic_0979,train,clarify,1,,1,1,1,1,,0,0,,,,,,,,,1,,,,,0,1,1,,,,
synthetic_1287,test,clarify,1,1,1,1,0,1,1,0,0,,,,,,,,,0,1,1,1,1,,1,,,,,
synthetic_1266,validation,clarify,,0,,,0,0,,1,,1,1,,1,1,1,1,1,,1,1,1,,0,1,1,,1,0,0
synthetic_0638,train,blocked,1,0,1,,,,0,1,,1,,0,0,0,,1,1,0,0,,0,0,1,1,1,1,,,
synthetic_0684,train,blocked,1,1,1,1,1,,1,1,,1,,,1,1,,1,1,1,,0,1,1,,0,1,1,0,0,
synthetic_1142,train,clarify,1,,1,1,0,,1,1,,1,1,1,,,1,,1,0,,,1,,0,1,1,1,1,1,
synthetic_0208,train,revise,1,,0,1,0,0,1,,1,,1,1,0,1,0,1,1,1,1,1,1,1,1,1,,0,1,1,1
synthetic_0788,train,blocked,0,1,1,,1,1,1,0,0,,,,,,,,,,0,1,0,0,1,,1,1,,,
synthetic_0445,validation,revise,0,1,1,,1,0,1,,1,1,0,0,1,1,1,1,1,1,1,0,1,1,0,1,1,,1,1,
synthetic_0546,train,blocked,1,1,1,,1,0,1,0,,1,1,1,1,0,0,1,1,1,1,,1,1,0,0,,1,0,0,1
synthetic_1185,train,clarify,1,1,1,1,0,0,1,0,1,1,1,1,,,1,1,,,0,1,1,1,0,1,,1,,,0
synthetic_0823,validation,blocked,,,1,1,1,,0,,1,1,0,1,1,1,1,0,1,1,1,0,1,0,,0,1,1,1,1,0
synthetic_1313,test,clarify,1,,1,,0,1,1,0,1,,,1,1,,,1,1,1,0,,1,1,1,1,,1,1,1,0
synthetic_0868,validation,blocked,1,1,1,1,1,,1,,1,1,,,,,,1,1,1,1,1,0,0,1,0,1,1,1,1,1
synthetic_0511,test,revise,,1,1,0,1,1,1,1,,1,1,1,0,1,0,,,1,1,1,1,,,1,1,1,1,1,
synthetic_0449,validation,revise,,1,1,0,0,1,1,,1,1,0,,1,0,,1,0,1,1,0,1,0,1,1,,,,,0
synthetic_0928,test,blocked,1,1,1,0,,1,,0,1,,,1,1,0,1,1,0,0,1,0,1,,1,0,1,0,0,0,0
synthetic_0116,validation,research,1,,1,1,,0,1,1,1,1,1,1,1,1,1,1,1,1,1,1,1,1,1,1,1,1,,,0
synthetic_0242,train,revise,1,1,1,,1,,1,1,1,,,0,1,1,0,0,,,,1,1,1,,1,,1,0,0,1
synthetic_1213,train,clarify,1,0,,1,,1,1,1,0,,,,,,,,,0,1,1,1,,1,1,1,1,,,
synthetic_1293,test,clarify,,0,1,,0,,,,0,,,,,,,,,1,1,1,,,1,1,1,1,,,
synthetic_1327,test,clarify,1,,,1,0,,1,0,0,,,,,,,,,0,1,1,1,1,,1,1,,,,
synthetic_0931,test,blocked,0,1,1,0,1,0,1,,1,,1,0,0,0,1,0,1,0,1,1,1,1,1,0,1,0,1,1,
synthetic_0650,train,blocked,0,1,,0,1,0,1,1,0,,,,,,,,,1,1,,0,0,1,1,1,1,,,
synthetic_1182,train,clarify,1,,1,,1,,,1,0,,,,,,,,,0,,1,1,1,0,,,,,,
synthetic_0783,train,blocked,1,1,,1,,1,1,1,,1,1,,1,,1,1,,1,0,1,1,1,1,0,1,0,0,0,
synthetic_0095,train,research,1,,1,1,1,,1,1,1,1,1,1,1,1,1,1,1,1,1,1,1,1,1,1,1,1,1,1,
synthetic_0646,train,blocked,1,,,1,1,1,0,0,0,,,,,,,,,0,,0,1,0,1,1,1,1,,,
synthetic_0017,train,research,1,0,1,1,,0,1,1,0,,,,,,,,,1,1,1,1,1,1,1,1,1,,,
synthetic_0180,train,revise,1,1,1,0,1,1,1,,1,0,0,0,,1,0,,1,,1,1,1,1,,1,,1,1,1,
synthetic_1281,test,clarify,1,1,1,1,,0,1,1,0,,,,,,,,,,1,1,,1,,1,1,1,,,
synthetic_0531,test,revise,1,1,,0,1,1,1,1,1,,0,1,,,1,1,1,1,1,0,1,1,0,1,,,,,
synthetic_1201,train,clarify,,1,1,1,0,0,1,0,,,,1,,,,1,1,0,0,1,1,1,1,1,,,1,1,0
synthetic_0997,train,clarify,,1,,,1,1,,0,,,1,,,,1,,1,1,,1,1,1,1,1,,,1,0,
synthetic_0356,train,revise,0,1,1,1,0,1,1,1,1,1,,,1,0,1,1,1,1,1,1,1,1,1,1,1,1,,,
synthetic_1151,train,clarify,,,1,1,1,1,1,,1,,1,,,,1,1,,0,,1,,1,0,,1,1,0,0,0
synthetic_0878,validation,blocked,1,1,1,1,1,1,1,,0,,,,,,,,,1,1,,0,0,1,1,1,1,,,
synthetic_0890,test,blocked,1,1,1,0,1,,0,1,,1,0,1,1,1,0,1,0,1,,1,0,0,,0,1,,1,1,
synthetic_0224,train,revise,1,1,0,,1,0,1,1,0,,,,,,,,,1,,1,1,1,1,1,1,1,,,
synthetic_1252,validation,clarify,1,,1,1,0,1,1,1,,,,1,,1,1,1,1,0,,1,1,1,,,,1,1,1,
synthetic_1009,train,clarify,1,1,1,1,0,1,,0,0,,,,,,,,,0,,1,1,1,,,,1,,,
synthetic_1192,train,clarify,1,,,1,1,,1,,0,,,,,,,,,0,,1,1,1,1,1,,1,,,
synthetic_0335,train,revise,,,0,0,1,1,1,1,1,1,1,,,1,1,0,1,1,0,1,1,0,1,1,1,1,0,0,1
synthetic_0466,validation,revise,0,,1,1,1,1,1,0,1,,0,0,1,1,1,,0,1,1,1,1,0,1,1,1,0,0,0,1
synthetic_0458,validation,revise,1,0,1,1,,,1,1,1,1,1,1,1,1,0,0,1,1,,1,1,,1,1,1,1,1,0,1
synthetic_0863,validation,blocked,1,,1,,1,1,0,,1,,0,1,,0,1,,1,1,,0,1,,,1,1,1,1,0,0
synthetic_0687,train,blocked,,1,1,1,1,0,,1,1,,1,1,1,0,1,1,1,1,1,0,,1,1,0,0,1,1,1,0
synthetic_1291,test,clarify,1,0,,1,1,0,1,0,0,,,,,,,,,0,1,1,1,,,1,1,1,,,
synthetic_0145,train,revise,1,1,0,1,1,1,1,0,1,1,,1,0,1,,0,0,1,1,1,1,0,1,1,1,1,0,0,1
synthetic_0028,train,research,1,1,1,1,0,1,1,1,1,1,1,1,1,1,1,1,1,1,1,1,1,1,1,1,1,1,1,0,0
synthetic_0758,train,blocked,1,1,1,1,1,1,1,,,1,,,,,0,1,1,,1,,1,1,1,0,1,1,,,0
synthetic_0172,train,revise,1,1,0,,1,1,1,1,1,1,0,1,1,,0,1,1,1,1,1,1,0,0,1,1,1,1,1,
synthetic_1003,train,clarify,1,,,,,,1,,,1,1,,1,1,1,,1,1,1,1,1,,,,1,,1,1,
synthetic_0248,train,revise,1,1,1,1,1,1,1,1,1,1,0,1,1,0,0,1,1,1,,1,1,1,,1,0,,,,1
synthetic_1008,train,clarify,1,1,1,1,0,,1,1,0,,,,,,,,,0,1,1,,1,0,1,1,1,,,
synthetic_0827,validation,blocked,0,1,,,1,,0,1,1,1,1,,1,1,1,,1,1,1,0,0,1,,1,1,,1,0,0
synthetic_0955,train,clarify,,,1,1,1,1,1,0,1,,1,,,1,1,1,1,,1,1,1,1,1,1,1,1,1,1,0
synthetic_0588,train,blocked,0,,1,0,,1,0,1,1,1,1,1,1,1,1,1,,,1,0,1,0,1,,1,0,0,0,1
synthetic_0636,train,blocked,0,1,1,0,,1,,1,1,1,1,1,,1,1,,1,1,1,1,0,0,1,1,1,1,1,1,0
synthetic_0035,train,research,1,0,1,1,1,1,1,1,0,,,,,,,,,1,1,1,1,1,1,1,1,1,,,
synthetic_0934,test,blocked,1,0,1,1,0,1,,1,,1,,0,1,1,1,,1,1,1,1,0,0,1,1,1,,0,0,1
synthetic_0119,validation,research,1,,1,1,0,,1,1,1,1,1,1,1,1,1,1,1,1,1,1,1,1,1,1,1,1,0,0,
synthetic_0659,train,blocked,0,1,,1,,1,1,1,1,1,0,0,1,0,0,1,1,0,1,1,0,0,1,0,0,0,0,0,
synthetic_0203,train,revise,0,,,0,0,1,1,1,0,,,,,,,,,,1,1,1,0,1,1,1,1,,,
synthetic_1110,train,clarify,1,0,1,1,0,,,1,0,,,,,,,,,0,,,,1,0,,1,1,,,
synthetic_0663,train,blocked,0,1,0,,1,1,0,1,,1,0,0,,1,1,0,1,0,1,0,1,1,1,1,1,0,1,1,0
synthetic_1186,train,clarify,1,1,,,0,,,,0,,,,,,,,,1,1,1,,1,0,,1,1,,,
synthetic_0179,train,revise,1,1,0,1,,1,1,0,,0,1,1,0,1,1,1,,1,0,1,1,1,1,1,1,0,1,1,0
synthetic_0620,train,blocked,1,,1,1,1,0,1,,1,1,0,1,1,,1,,1,1,1,1,0,0,0,0,1,1,1,1,
synthetic_0885,test,blocked,,1,1,1,1,1,,1,1,,1,1,1,1,0,1,0,1,0,1,0,0,1,,,,0,0,1
synthetic_0018,train,research,1,,1,1,0,,1,1,1,1,1,1,1,1,1,1,1,1,1,1,1,1,1,1,1,1,1,0,0
synthetic_0740,train,blocked,1,0,0,1,1,0,0,1,,1,1,1,,,0,0,0,0,1,0,1,1,0,0,,1,0,0,
synthetic_0987,train,clarify,1,0,1,1,1,1,,,,1,,1,1,1,1,1,,1,0,1,1,,1,1,1,,1,0,
synthetic_1178,train,clarify,1,0,,1,,1,,1,,1,,,,,,1,,,,1,1,1,,1,1,1,,,0
synthetic_0443,validation,revise,1,1,,0,1,0,1,,1,1,1,,0,1,1,1,0,1,1,1,1,1,0,1,0,0,1,1,1
synthetic_0929,test,blocked,0,1,1,1,1,1,1,,1,1,1,1,,0,1,,1,,0,0,0,0,,1,0,0,1,1,0
synthetic_1006,train,clarify,,0,,1,,1,1,0,,,1,1,1,,1,1,1,,,1,1,1,1,,,,0,0,0
synthetic_0237,train,revise,1,1,1,0,,0,1,,1,1,0,0,1,,,0,1,1,1,0,1,1,0,1,0,0,1,1,
synthetic_1257,validation,clarify,1,1,1,,,,1,,1,1,1,1,,,1,,1,,0,1,,1,1,,1,1,0,0,
synthetic_0464,validation,revise,0,1,1,,0,1,1,0,1,1,0,0,1,,1,,1,1,,1,1,1,0,1,1,1,1,0,
synthetic_1310,test,clarify,,0,,1,0,,1,0,1,1,1,1,1,,1,,,1,1,,1,1,1,1,1,1,0,0,0
synthetic_0052,train,research,1,0,1,1,,,1,1,1,1,1,1,1,1,1,1,1,1,1,1,1,1,1,1,1,1,0,0,
synthetic_0971,train,clarify,,0,,,,,1,1,1,,,1,,1,,1,,,1,,,,,1,,1,1,0,
synthetic_0281,train,revise,1,1,0,,0,0,1,1,1,1,,0,1,1,0,1,1,0,1,1,1,1,1,1,1,1,1,0,
synthetic_1228,validation,clarify,1,,1,,0,,1,1,,,1,1,1,1,,1,1,1,0,1,1,,0,1,1,1,1,1,0
synthetic_1195,train,clarify,1,,1,1,,,,1,1,1,1,,1,1,1,1,,,1,,1,1,1,1,1,,1,1,
synthetic_0507,test,revise,1,1,,0,1,1,1,1,1,1,1,1,,,0,1,1,1,1,1,1,0,1,1,1,1,1,1,
synthetic_1146,train,clarify,,1,1,,1,,1,1,0,,,,,,,,,1,,1,1,1,,1,,,,,
synthetic_1113,train,clarify,1,0,,,1,,1,1,0,,,,,,,,,,,1,1,1,,1,1,1,,,
synthetic_0729,train,blocked,0,1,,1,1,1,,,0,,,,,,,,,1,1,1,0,0,0,1,1,,,,
synthetic_1036,train,clarify,,1,1,1,1,0,1,1,,1,1,1,1,,1,1,,1,0,1,1,1,1,1,1,,0,0,
synthetic_0292,train,revise,1,0,1,,,0,1,1,1,1,0,0,1,0,1,1,0,1,1,1,1,1,1,1,1,1,,,
synthetic_0081,train,research,1,0,1,1,1,1,1,1,1,1,1,1,1,1,1,1,1,1,1,1,1,1,1,1,1,1,,,
synthetic_0235,train,revise,1,1,1,1,0,1,1,0,1,0,0,,1,0,,1,1,1,1,1,1,1,1,1,1,1,0,0,
synthetic_0613,train,blocked,0,1,1,1,1,1,1,,1,,1,0,1,,0,,1,1,1,1,0,0,0,1,0,,,,1
synthetic_0092,train,research,1,,1,1,,0,1,1,1,1,1,1,1,1,1,1,1,1,1,1,1,1,1,1,1,1,0,0,0
synthetic_0837,validation,blocked,1,,1,,1,,1,0,1,,1,1,,1,1,1,,0,1,1,0,0,1,1,1,0,,,1
synthetic_0390,train,revise,0,1,0,1,1,0,1,1,,1,1,1,,1,1,,1,1,,0,1,1,0,1,1,,,,1
synthetic_1052,train,clarify,1,1,,,1,1,1,1,0,,,,,,,,,1,1,1,1,1,1,1,,1,,,
synthetic_0448,validation,revise,0,1,0,1,0,1,1,1,1,1,,1,0,,1,1,1,1,1,1,1,,,1,1,1,1,1,0
synthetic_0690,train,blocked,1,,1,0,1,0,1,1,1,0,0,0,1,1,1,1,1,,,1,0,,1,0,1,,1,1,1
synthetic_1159,train,clarify,,,1,1,1,,,,0,,,,,,,,,,,,1,1,0,1,,1,,,
synthetic_0167,train,revise,0,1,1,1,,1,1,1,1,1,,0,1,0,0,1,1,1,1,1,1,0,1,1,0,1,1,0,
synthetic_1275,validation,clarify,,,1,,1,0,1,1,1,1,,,1,1,1,1,1,,1,1,1,1,,1,1,,0,0,0
synthetic_0540,test,revise,1,,,0,1,1,1,1,1,0,,1,1,1,1,,1,0,,0,1,0,,1,1,0,,,0
synthetic_0221,train,revise,,1,1,1,1,0,1,,0,,,,,,,,,1,1,1,1,1,1,1,,0,,,
synthetic_0703,train,blocked,0,0,0,,1,1,0,1,1,1,0,0,1,1,,0,1,0,0,0,1,1,0,1,,1,0,0,
synthetic_1108,train,clarify,1,0,1,1,,,1,,1,1,1,,,1,1,1,,0,0,,1,1,0,1,,1,1,1,0
synthetic_0240,train,revise,0,1,0,1,1,0,1,,1,1,1,1,1,0,0,1,,0,1,1,1,0,,1,,1,1,0,1
synthetic_0353,train,revise,1,0,1,,1,1,1,0,1,1,,1,0,1,1,1,1,1,0,0,1,1,1,1,1,,,,1
synthetic_0610,train,blocked,,1,,,0,1,,1,1,,0,0,1,1,1,1,1,0,1,1,,1,1,0,0,0,1,1,1
synthetic_0362,train,revise,0,1,0,0,1,1,1,1,1,1,1,,1,,,1,0,1,1,1,1,1,1,1,,1,,,0
synthetic_0937,test,blocked,0,1,1,1,0,,0,1,1,1,1,1,1,,1,1,1,,,0,1,1,1,1,0,,1,0,
synthetic_0975,train,clarify,1,1,1,1,,,,1,,,1,,,,,1,,0,,1,1,,0,,,,,,
synthetic_1328,test,clarify,,,1,1,0,1,,,1,1,,,1,,1,,,1,1,,1,1,,1,,,1,1,
synthetic_0080,train,research,1,1,1,1,1,0,1,1,1,1,1,1,1,1,1,1,1,1,1,1,1,1,1,1,1,1,1,1,0
synthetic_0829,validation,blocked,1,1,1,1,1,1,0,1,0,,,,,,,,,0,1,0,0,0,,1,1,,,,
synthetic_0848,validation,blocked,1,,1,1,1,1,1,,1,0,0,1,1,1,1,1,1,0,1,1,0,0,,1,1,1,0,0,0
synthetic_0001,train,research,1,0,1,1,0,0,1,1,1,1,1,1,1,1,1,1,1,1,1,1,1,1,1,1,1,1,,,0
synthetic_0398,train,revise,1,,1,1,1,1,1,0,0,,,,,,,,,,1,1,1,0,1,1,1,0,,,
synthetic_0978,train,clarify,,0,1,1,,1,1,1,1,,1,1,1,1,,,,,0,1,1,1,1,1,1,1,1,1,0
synthetic_0076,train,research,1,0,1,1,,0,1,1,1,1,1,1,1,1,1,1,1,1,1,1,1,1,1,1,1,1,,,0
synthetic_0891,test,blocked,,1,,1,0,1,,,,1,1,1,,1,1,0,1,1,1,,1,,1,0,1,0,1,1,0
synthetic_0701,train,blocked,1,1,0,1,1,0,1,0,1,0,0,1,,1,,,1,0,1,1,0,0,0,1,1,1,,,
synthetic_0653,train,blocked,0,0,,1,1,1,1,,1,1,1,0,1,1,,1,1,1,1,0,0,0,1,1,0,,1,0,0
synthetic_1081,train,clarify,1,0,1,1,1,1,1,,,,,1,1,,1,1,,0,0,1,1,1,,1,1,1,0,0,0
synthetic_0204,train,revise,1,1,1,0,0,1,1,1,,1,0,1,1,1,1,,,1,1,,1,0,0,1,0,,1,0,
synthetic_1042,train,clarify,1,,,,,0,1,0,0,,,,,,,,,1,0,1,,1,0,,1,1,,,
synthetic_0210,train,revise,1,0,1,1,,0,1,1,1,1,1,0,0,1,1,0,0,0,0,0,1,1,0,1,0,1,1,0,0
synthetic_1302,test,clarify,,,,1,0,0,1,,0,,,,,,,,,0,0,1,1,1,,,1,1,,,
synthetic_0642,train,blocked,1,1,1,0,1,1,,1,1,1,1,1,,0,1,,1,1,1,1,1,1,,0,1,1,1,0,0
synthetic_1265,validation,clarify,1,0,1,1,,0,1,1,0,,,,,,,,,0,,1,,,,1,,1,,,
synthetic_0845,validation,blocked,1,1,1,1,1,1,0,0,1,1,0,1,1,1,1,1,1,,,0,,1,1,1,,1,1,1,0
synthetic_0151,train,revise,0,0,,1,1,,1,1,1,,0,1,,0,1,1,1,,0,1,1,0,1,1,0,,1,0,1
synthetic_0024,train,research,1,0,1,1,1,0,1,1,1,1,1,1,1,1,1,1,1,1,1,1,1,1,1,1,1,1,,,0
synthetic_0736,train,blocked,1,0,1,1,1,1,0,1,1,1,1,1,1,1,0,1,1,1,1,1,,1,1,0,1,1,1,1,
synthetic_0750,train,blocked,1,1,1,0,,,0,,1,1,,1,1,1,1,1,1,0,1,0,1,0,1,1,1,1,1,0,1
synthetic_0637,train,blocked,,,1,,0,,0,0,1,0,1,1,1,1,,1,1,1,1,0,0,1,1,0,0,0,1,1,0
synthetic_0852,validation,blocked,1,1,1,0,1,0,,,1,1,1,0,1,1,,1,1,1,0,1,,1,1,0,,,1,1,
synthetic_1202,train,clarify,,0,,1,1,0,1,0,1,,1,,1,1,,,1,0,0,,1,,0,,1,,,,
synthetic_0162,train,revise,,1,1,1,0,1,1,,1,1,1,,1,1,0,,1,,0,0,1,,1,1,1,1,,,
synthetic_1061,train,clarify,,0,1,1,,0,1,,1,,1,,1,,1,,,1,1,1,1,1,1,1,1,1,1,1,0
synthetic_0893,test,blocked,1,0,0,,,1,1,1,1,0,0,1,1,1,0,0,1,0,1,,1,,0,0,1,0,1,0,1
synthetic_0787,train,blocked,1,1,0,1,1,0,1,1,1,,1,1,1,1,1,1,1,1,1,1,0,1,0,0,0,0,1,1,0
synthetic_0230,train,revise,1,1,1,1,1,0,1,1,1,1,,0,1,1,1,1,1,0,1,1,1,1,1,1,1,1,1,1,0
synthetic_1211,train,clarify,,1,,1,,0,1,1,,1,1,,,,1,1,,1,,,1,,1,,1,,,,0
synthetic_0487,test,revise,0,1,0,1,1,1,1,1,1,1,1,,1,1,0,0,1,1,1,,1,0,,1,0,1,0,0,1
synthetic_0887,test,blocked,,0,0,1,,1,1,1,1,,1,1,1,0,1,1,0,1,1,1,0,0,0,,1,1,0,0,0
synthetic_0583,train,blocked,0,,1,,1,1,0,,1,,1,1,1,0,1,1,1,,1,,1,,1,0,,,1,0,1
synthetic_0411,train,revise,1,1,1,,1,0,1,,1,1,1,1,1,,0,0,1,1,0,,1,,,1,1,1,0,0,
synthetic_0626,train,blocked,,,0,1,1,1,1,,1,1,1,0,0,1,,1,,,0,1,1,1,,0,1,,1,0,
synthetic_0332,train,revise,1,1,1,1,1,1,1,,,1,1,1,1,1,1,1,0,1,1,,1,1,1,1,0,1,0,0,1
synthetic_1116,train,clarify,,,,1,1,,1,,0,,,,,,,,,0,,1,,1,1,1,1,1,,,
synthetic_1014,train,clarify,1,1,,1,1,1,,0,1,1,1,1,,1,1,1,,1,,1,,,0,1,1,1,1,1,0
synthetic_1235,validation,clarify,1,0,1,1,,1,1,,0,,,,,,,,,1,1,1,1,,0,1,1,,,,
synthetic_1179,train,clarify,1,,1,1,0,1,1,1,0,,,,,,,,,,1,1,,,1,1,1,1,,,
synthetic_0057,train,research,1,1,1,1,1,0,1,1,1,1,1,1,1,1,1,1,1,1,1,1,1,1,1,1,1,1,0,0,0
synthetic_1297,test,clarify,,,1,1,1,,1,,1,,,,1,1,,1,1,,0,1,1,1,0,1,,,1,1,0
synthetic_0147,train,revise,1,1,0,1,1,,1,0,,1,1,0,1,1,1,,1,1,1,1,1,,1,1,1,,1,1,
synthetic_1141,train,clarify,1,1,1,,,1,1,1,1,,1,,,1,,1,,0,0,,1,,,,,,1,0,
synthetic_0331,train,revise,0,1,1,,1,0,1,1,,,1,1,1,1,0,1,,,1,0,1,1,0,1,1,1,0,0,1
synthetic_0062,train,research,1,,1,1,,1,1,1,1,1,1,1,1,1,1,1,1,1,1,1,1,1,1,1,1,1,0,0,0
synthetic_0634,train,blocked,0,0,1,1,1,0,0,,,1,0,0,,,1,1,1,0,,0,1,,0,1,1,0,1,1,1
synthetic_0496,test,revise,1,1,1,0,0,1,1,,1,1,0,,0,1,1,1,1,1,,0,1,1,,1,,0,1,1,1
synthetic_0992,train,clarify,1,1,1,1,,,,,0,,,,,,,,,,0,1,,,1,1,1,,,,
synthetic_0473,validation,revise,0,0,,0,1,1,1,,1,,0,,0,1,,1,1,1,1,0,1,1,1,1,,,,,1
synthetic_1317,test,clarify,1,,1,1,1,,,1,0,,,,,,,,,1,0,,1,1,,1,,,,,
synthetic_0624,train,blocked,1,1,0,1,0,0,0,0,1,1,1,1,1,1,,0,1,1,0,0,1,1,1,0,1,1,1,0,1
synthetic_1280,validation,clarify,1,0,,,,1,,0,0,,,,,,,,,1,,1,1,,,1,,1,,,
synthetic_0718,train,blocked,0,1,1,1,0,1,1,1,1,1,1,1,,,1,1,,1,0,,,1,0,0,0,1,,,
synthetic_1315,test,clarify,1,1,1,1,1,0,1,0,0,,,,,,,,,1,0,1,1,1,,,1,1,,,
synthetic_0418,train,revise,1,0,1,1,1,,1,1,1,0,,0,1,,0,0,0,1,1,1,1,0,,1,1,1,1,0,1
synthetic_0564,train,blocked,0,0,1,,0,1,1,0,1,0,1,0,,1,,1,,0,,,0,1,,0,,1,,,1
synthetic_0200,train,revise,,1,0,1,0,1,1,1,0,,,,,,,,,,1,1,1,1,1,1,1,1,,,
synthetic_0492,test,revise,1,,1,0,1,1,1,1,,1,1,,,1,1,0,0,,,1,1,1,1,1,,1,1,0,1
synthetic_0118,validation,research,1,,1,1,0,1,1,1,1,1,1,1,1,1,1,1,1,1,1,1,1,1,1,1,1,1,0,0,0
synthetic_0384,train,revise,1,0,,,1,1,1,,1,1,1,1,1,1,1,1,,1,1,,1,0,1,1,0,0,0,0,0
synthetic_0612,train,blocked,1,1,1,1,0,1,0,0,0,,,,,,,,,1,,0,1,1,1,1,1,1,,,
synthetic_0566,train,blocked,,,1,1,0,1,0,0,1,1,0,1,1,,1,,1,1,1,0,1,,1,0,0,,,,0
synthetic_1022,train,clarify,1,,1,1,1,0,1,1,0,,,,,,,,,0,0,,1,1,,1,,1,,,
synthetic_1332,test,clarify,1,,,1,0,,,,0,,,,,,,,,1,1,1,1,1,0,1,,,,,
synthetic_1177,train,clarify,,,1,,0,0,,1,,,,1,1,1,,,1,1,1,1,,,1,1,1,1,,,0
synthetic_0666,train,blocked,1,1,1,1,0,0,1,0,0,,,,,,,,,1,0,0,1,1,1,0,,1,,,
synthetic_1249,validation,clarify,,1,,1,,1,1,,0,,,,,,,,,1,1,1,,,,1,1,1,,,
synthetic_0584,train,blocked,0,1,,1,0,0,,,1,0,1,,1,1,1,1,1,1,1,,,1,1,0,0,1,,,0
synthetic_0339,train,revise,,0,1,,1,1,1,1,1,1,0,1,1,1,1,1,0,0,0,1,1,,0,1,0,1,0,0,
synthetic_0516,test,revise,1,0,1,,1,1,1,0,1,1,,1,1,,0,1,,1,0,0,1,1,,1,1,,0,0,1
synthetic_0181,train,revise,1,,1,1,,0,1,1,0,,,,,,,,,1,1,0,1,1,1,1,0,,,,
synthetic_0671,train,blocked,0,0,,0,1,,0,1,0,,,,,,,,,,1,0,0,,1,1,,0,,,
synthetic_1107,train,clarify,1,0,1,1,0,,,,0,,,,,,,,,0,1,,1,,0,1,,1,,,
synthetic_1139,train,clarify,1,1,,,0,0,1,0,0,,,,,,,,,0,1,1,,1,0,1,1,1,,,
synthetic_0163,train,revise,1,1,0,,1,1,1,1,1,0,1,,1,1,1,0,1,1,1,,1,1,1,1,1,1,1,1,
synthetic_0498,test,revise,1,1,0,1,1,,1,1,1,1,,1,1,,,1,1,1,0,1,1,1,1,1,0,,0,0,
synthetic_0578,train,blocked,0,1,1,0,1,1,0,1,,1,0,1,1,1,1,1,1,,0,0,0,1,0,,0,1,0,0,0
synthetic_1200,train,clarify,1,0,,1,0,1,1,0,0,,,,,,,,,0,,1,1,,0,1,1,,,,
synthetic_0320,train,revise,,1,0,,,1,1,,0,,,,,,,,,1,0,,1,1,0,1,0,1,,,
synthetic_0433,validation,revise,1,1,1,1,1,0,1,1,1,0,1,,0,1,1,0,1,1,,,1,1,0,1,0,1,0,0,0
synthetic_0685,train,blocked,1,1,0,0,1,1,0,1,1,1,1,0,,1,1,1,1,,0,0,,1,1,0,1,,,,0
synthetic_1152,train,clarify,1,0,,1,,0,1,,,1,1,1,1,,1,1,,1,0,1,,1,1,1,1,,1,1,
synthetic_0998,train,clarify,1,0,,1,0,0,1,,,1,1,1,1,1,,1,1,1,,1,,,,1,,1,1,0,
synthetic_0153,train,revise,,1,1,,1,1,1,0,1,0,,1,1,1,1,1,0,1,1,0,1,0,1,1,,1,1,0,
synthetic_1018,train,clarify,1,,1,1,1,,1,,,1,1,1,1,1,1,1,1,1,1,1,1,1,0,,,1,,,0
synthetic_0654,train,blocked,,1,1,,1,1,1,1,0,,,,,,,,,1,,1,0,0,1,0,,,,,
synthetic_0379,train,revise,1,0,1,1,1,1,1,0,1,0,0,1,1,0,0,1,1,1,0,1,1,,1,1,0,0,,,1
synthetic_1284,test,clarify,1,0,1,1,,0,1,1,1,,1,1,1,1,,1,1,0,1,1,,1,1,,1,,1,0,
synthetic_0719,train,blocked,1,1,1,1,1,,1,1,1,1,0,0,1,1,1,,0,1,1,1,0,0,1,1,1,1,1,0,0
synthetic_0801,train,blocked,1,1,1,1,1,1,0,1,1,1,1,0,1,1,1,1,,1,1,0,1,1,1,,1,1,1,0,0
synthetic_0899,test,blocked,1,,1,1,,,1,0,,,,0,1,,1,1,0,,1,,0,0,1,0,1,1,0,0,1
synthetic_0939,test,blocked,1,,1,1,,1,0,1,1,1,0,1,1,0,1,,1,1,0,0,,0,,1,,1,0,0,1
synthetic_0003,train,research,1,1,1,1,1,,1,1,0,,,,,,,,,1,1,1,1,1,1,1,1,1,,,
synthetic_0313,train,revise,1,1,1,1,1,1,1,1,1,1,0,0,,0,1,0,0,1,,1,1,0,1,1,1,1,,,0
synthetic_0278,train,revise,1,1,1,1,0,0,1,1,1,1,1,,0,0,,1,1,,0,1,1,,,1,1,1,1,0,0
synthetic_1227,validation,clarify,,1,1,1,0,,,1,0,,,,,,,,,,1,1,,1,1,1,1,,,,
synthetic_1083,train,clarify,1,1,1,,0,1,,1,,,1,1,1,1,,,1,1,1,1,1,,1,1,,1,0,0,
synthetic_0704,train,blocked,0,1,1,1,,1,1,1,1,1,1,1,1,1,,0,1,1,1,,1,1,1,0,1,,1,0,1
synthetic_0262,train,revise,0,,1,,,1,1,1,0,,,,,,,,,1,1,,1,1,1,1,0,0,,,
synthetic_0446,validation,revise,,1,0,1,,1,1,1,1,0,1,1,1,,0,1,1,,1,1,1,,1,1,1,,1,1,0
synthetic_0818,train,blocked,1,,1,1,1,0,0,0,1,1,1,1,0,1,,1,0,0,0,0,1,0,1,1,,0,1,0,
synthetic_0505,test,revise,0,1,,0,,1,1,1,1,,1,,1,1,1,1,0,1,0,1,1,0,0,1,0,1,1,1,1
synthetic_0023,train,research,1,,1,1,0,0,1,1,1,1,1,1,1,1,1,1,1,1,1,1,1,1,1,1,1,1,0,0,0
synthetic_0506,test,revise,0,1,1,1,1,0,1,,,1,1,0,1,1,,,1,1,,1,1,1,1,1,1,1,0,0,0
synthetic_0414,train,revise,0,1,0,0,0,1,1,1,1,1,0,1,1,0,1,1,,1,0,1,1,1,1,1,1,0,,,0
synthetic_0580,train,blocked,1,,1,1,0,0,1,,1,1,1,1,0,1,0,1,1,0,,1,0,0,0,1,,1,1,1,
synthetic_0378,train,revise,,,1,1,1,,1,0,1,1,0,1,0,1,1,1,1,1,1,1,1,1,,1,0,,0,0,0
synthetic_0329,train,revise,1,,,,1,1,1,1,1,1,1,,0,,1,1,1,,0,,1,1,0,1,1,0,,,1
synthetic_1000,train,clarify,,0,1,,,0,1,,0,,,,,,,,,1,,,1,1,0,1,1,1,,,
synthetic_0127,test,research,1,1,1,1,1,1,1,1,1,1,1,1,1,1,1,1,1,1,1,1,1,1,1,1,1,1,1,0,0
synthetic_0209,train,revise,,,1,0,1,0,1,,1,1,1,0,1,1,1,1,1,1,0,1,1,0,1,1,1,1,1,0,1
synthetic_0427,validation,revise,0,,0,0,1,1,1,1,1,0,1,1,,,,1,,,,,1,1,1,1,0,1,0,0,1
synthetic_0880,validation,blocked,1,,1,1,0,,0,1,,1,1,1,1,1,1,1,0,1,0,0,0,1,0,0,1,,1,0,0
synthetic_0674,train,blocked,1,0,1,1,0,1,0,0,,0,1,,0,1,1,1,1,1,1,0,1,1,0,1,1,0,0,0,1
synthetic_0675,train,blocked,1,,0,1,0,1,1,1,1,,,1,0,1,1,1,1,,,,1,,,0,1,0,0,0,
synthetic_0064,train,research,1,0,1,1,1,,1,1,1,1,1,1,1,1,1,1,1,1,1,1,1,1,1,1,1,1,0,0,
synthetic_0233,train,revise,1,1,1,1,1,0,1,1,1,1,,1,,1,1,,1,1,1,0,1,1,1,1,1,1,,,
synthetic_0477,validation,revise,0,1,1,1,1,1,1,,1,,0,1,0,0,1,0,,,1,1,1,,1,1,1,,,,1
synthetic_0831,validation,blocked,,1,1,0,1,1,0,1,0,,,,,,,,,0,1,0,0,1,1,1,,1,,,
synthetic_0377,train,revise,0,1,1,1,,0,1,1,,0,,1,,1,1,,,1,,0,1,1,1,1,1,,0,0,0
synthetic_0912,test,blocked,0,1,0,,,1,0,1,0,,,,,,,,,1,1,0,,1,1,1,1,,,,
synthetic_0574,train,blocked,1,0,1,0,1,1,0,1,0,,,,,,,,,,0,0,0,1,0,0,,1,,,
synthetic_0357,train,revise,1,1,0,1,1,,1,1,0,,,,,,,,,0,,1,1,,1,1,,1,,,
synthetic_0103,validation,research,1,1,1,1,0,,1,1,1,1,1,1,1,1,1,1,1,1,1,1,1,1,1,1,1,1,0,0,
synthetic_0842,validation,blocked,0,1,1,1,1,,0,1,,1,0,,,1,1,1,,1,1,0,1,0,1,1,1,1,0,0,1
synthetic_0866,validation,blocked,0,,,1,1,1,0,1,1,1,0,0,1,,,,0,1,1,0,1,1,,1,,1,1,1,
synthetic_1143,train,clarify,1,1,1,,1,0,1,,,,1,1,1,,1,1,,,,,1,1,1,1,1,1,0,0,0
synthetic_1096,train,clarify,,,1,1,0,,,0,1,1,,1,,,1,,1,1,,1,,1,,,1,1,0,0,0
synthetic_0066,train,research,1,0,1,1,0,,1,1,1,1,1,1,1,1,1,1,1,1,1,1,1,1,1,1,1,1,,,
synthetic_0597,train,blocked,0,,,0,0,0,,1,1,,1,1,,1,0,,0,,,0,0,0,0,1,1,1,,,1
synthetic_0592,train,blocked,1,0,1,1,1,,0,1,0,,,,,,,,,1,0,0,1,1,0,1,0,,,,
synthetic_0265,train,revise,0,,1,1,0,0,1,1,1,1,0,1,0,0,1,,0,,0,1,1,1,1,1,0,1,1,1,0
synthetic_0169,train,revise,,,1,1,1,1,1,,0,,,,,,,,,,1,0,1,0,1,1,1,,,,
synthetic_0753,train,blocked,1,1,1,1,,1,0,1,1,1,1,1,1,0,1,1,1,1,1,0,1,1,1,,1,1,1,0,0
synthetic_1125,train,clarify,1,0,1,,1,,1,1,0,,,,,,,,,,0,1,,1,1,1,1,1,,,
synthetic_1250,validation,clarify,1,1,,1,0,,1,1,1,1,,1,1,,1,,1,,,,,1,0,1,1,,,,0
synthetic_0952,train,clarify,1,1,,1,,0,,1,,1,1,1,1,1,1,,1,0,0,1,1,,,,1,,1,1,
synthetic_0503,test,revise,1,,1,1,1,1,1,1,1,1,1,1,1,1,1,0,,1,1,,1,0,1,1,0,0,0,0,0
synthetic_1020,train,clarify,1,,1,1,0,,1,0,1,,1,1,,,1,1,1,0,1,1,,1,1,,1,1,,,
synthetic_0907,test,blocked,1,1,1,1,,1,1,1,0,,,,,,,,,1,1,1,0,0,1,1,1,1,,,
synthetic_0601,train,blocked,1,0,,1,,,,1,,1,1,,1,1,1,0,1,1,1,1,,1,1,0,1,1,1,0,
synthetic_1244,validation,clarify,1,0,1,,0,1,,1,,1,1,1,1,,1,,1,,1,1,1,,,1,1,1,,,
synthetic_0861,validation,blocked,1,1,1,,1,,0,,1,,,0,0,1,,1,,0,1,1,1,0,0,0,0,1,1,0,1
synthetic_0772,train,blocked,,,0,1,0,1,0,1,1,1,0,1,1,1,1,1,,1,1,1,0,0,1,,1,0,1,1,1
synthetic_1267,validation,clarify,1,1,,1,1,,,1,0,,,,,,,,,,,1,1,,1,1,1,1,,,
synthetic_1121,train,clarify,1,0,1,,,0,1,,0,,,,,,,,,,1,1,1,,1,1,1,,,,
synthetic_1012,train,clarify,,0,,1,1,0,,0,1,1,1,1,1,1,,,,,,1,1,,1,1,,1,0,0,0
synthetic_1015,train,clarify,1,,,1,0,1,1,,,,1,,1,1,1,1,1,1,0,,,,,1,1,1,1,1,0
synthetic_0699,train,blocked,,1,,1,1,1,0,,,0,1,1,0,1,,,1,,,1,0,0,1,1,0,1,0,0,0
synthetic_1098,train,clarify,,,1,1,,0,,,0,,,,,,,,,,1,1,1,1,0,,1,1,,,
synthetic_0114,validation,research,1,1,1,1,1,,1,1,1,1,1,1,1,1,1,1,1,1,1,1,1,1,1,1,1,1,,,
synthetic_1129,train,clarify,1,1,1,,,,,,1,,1,1,1,,,,1,,,1,,1,1,,,1,0,0,
synthetic_0430,validation,revise,,1,0,1,1,0,1,1,0,,,,,,,,,0,1,1,1,,1,1,0,1,,,
synthetic_0936,test,blocked,0,1,1,,0,0,1,1,1,,,1,1,1,1,1,,,1,0,1,1,,0,1,,1,0,1
synthetic_0451,validation,revise,1,1,0,1,0,1,1,1,1,1,,1,1,1,1,0,,,1,1,1,1,0,1,1,0,1,1,0
synthetic_1041,train,clarify,1,1,1,1,,1,1,0,0,,,,,,,,,0,0,,,,1,1,,1,,,
synthetic_0746,train,blocked,,,1,,1,1,0,,1,1,1,1,1,0,0,1,1,1,,0,1,0,0,1,1,1,1,0,1
synthetic_0271,train,revise,,0,1,1,1,0,1,1,1,1,1,1,0,1,1,0,0,0,1,0,1,1,0,1,1,1,,,0
synthetic_0673,train,blocked,,1,0,0,1,1,,0,,1,1,1,0,1,1,0,,1,,1,1,1,1,0,1,,0,0,1
synthetic_0122,test,research,1,0,1,1,1,,1,1,1,1,1,1,1,1,1,1,1,1,1,1,1,1,1,1,1,1,1,0,
synthetic_1232,validation,clarify,,1,,,0,0,1,1,0,,,,,,,,,,,1,1,1,1,1,1,,,,
synthetic_0316,train,revise,,1,1,0,1,1,1,1,1,0,0,1,0,0,1,,1,0,,1,1,1,1,1,0,,0,0,1
synthetic_0254,train,revise,0,0,,1,1,0,1,1,1,1,1,,1,1,,0,1,1,0,,1,1,0,1,1,1,1,0,0
synthetic_0942,train,clarify,1,1,,1,,1,1,,0,,,,,,,,,,1,1,,,0,1,,1,,,
synthetic_1059,train,clarify,,0,1,1,,1,1,1,,,,1,1,1,1,1,1,1,1,1,1,,,1,1,1,1,0,
synthetic_0743,train,blocked,0,,1,1,,1,1,1,0,,,,,,,,,0,1,1,0,0,1,,0,1,,,
synthetic_0474,validation,revise,1,1,1,1,1,0,1,0,0,,,,,,,,,1,1,,1,1,0,1,0,1,,,
synthetic_0668,train,blocked,1,1,1,,1,1,0,1,0,,,,,,,,,,1,0,1,1,1,,,0,,,
synthetic_0328,train,revise,1,1,1,1,1,1,1,1,1,1,0,1,,,1,1,1,1,0,1,1,1,1,1,0,1,1,0,
synthetic_0397,train,revise,0,1,1,0,,1,1,1,0,,,,,,,,,,1,1,1,1,0,1,1,0,,,
synthetic_1205,train,clarify,1,0,,1,0,1,1,0,,1,1,1,,,1,,,1,,,1,1,,1,1,,1,0,
synthetic_0717,train,blocked,1,1,1,1,1,1,1,1,1,,,0,1,1,1,1,0,1,1,0,0,0,1,1,0,,1,1,
synthetic_0591,train,blocked,0,1,1,0,1,,0,,1,0,1,0,,1,0,,1,,0,0,1,1,1,1,1,1,1,1,
synthetic_0435,validation,revise,0,,0,,0,1,1,1,1,0,1,1,1,0,0,0,1,1,1,1,1,1,0,1,1,1,1,1,0
synthetic_1078,train,clarify,1,,1,,,0,1,0,0,,,,,,,,,0,0,,1,1,,1,1,1,,,
synthetic_0465,validation,revise,1,1,0,,1,1,1,0,1,1,0,1,1,1,,1,1,,0,1,1,1,1,1,0,1,1,0,0
synthetic_0468,validation,revise,,,0,1,0,,1,1,1,,1,0,1,1,,,1,1,1,1,1,1,,1,,1,0,0,1
synthetic_0519,test,revise,,1,1,0,1,1,1,0,1,0,1,1,1,1,1,0,1,,1,,1,1,1,1,,1,1,1,0
synthetic_0515,test,revise,1,1,1,,1,1,1,0,1,1,0,1,1,1,1,,1,1,1,1,1,1,1,1,1,0,1,1,1
synthetic_0995,train,clarify,,1,1,1,,,1,0,1,,1,1,,1,1,1,1,1,1,1,1,1,0,1,,,1,1,0
synthetic_1049,train,clarify,1,1,1,1,0,0,1,0,,1,,1,,,,1,1,0,0,,,,1,,1,,0,0,
synthetic_0486,test,revise,1,1,0,,,,1,0,1,1,,1,1,1,,1,0,1,,1,1,1,,1,1,0,1,1,1
synthetic_0697,train,blocked,1,1,,0,,1,1,,,1,1,1,,1,1,,1,1,0,,1,1,,0,1,1,1,1,1
synthetic_0220,train,revise,1,,,1,,,1,1,1,0,1,0,,1,1,0,1,1,1,1,1,,1,1,1,,,,0
synthetic_1217,train,clarify,1,0,,1,1,,1,,,,1,,,,1,,1,1,0,,,1,0,,1,1,,,
synthetic_1331,test,clarify,1,1,,1,0,,1,0,0,,,,,,,,,1,,1,1,,,1,1,1,,,
synthetic_0757,train,blocked,1,1,,0,1,1,0,0,0,,,,,,,,,1,0,0,1,1,,0,1,1,,,
synthetic_0440,validation,revise,,0,1,0,0,1,1,,1,1,1,0,1,,1,1,1,1,1,1,1,1,1,1,0,1,0,0,1
synthetic_0322,train,revise,1,1,1,0,1,1,1,,1,,1,1,1,1,,0,1,,0,,1,1,,1,1,1,1,1,1
synthetic_0509,test,revise,1,1,1,,,,1,0,,1,0,1,1,1,1,0,1,1,1,0,1,1,1,1,1,1,,,0
synthetic_0113,validation,research,1,,1,1,0,0,1,1,1,1,1,1,1,1,1,1,1,1,1,1,1,1,1,1,1,1,1,1,0
synthetic_1111,train,clarify,1,1,,1,,1,1,1,1,,,1,1,,,1,1,0,1,1,,,0,1,1,1,1,0,0
synthetic_0924,test,blocked,1,1,1,,1,,1,,1,1,1,1,1,0,1,,1,1,1,0,,1,1,0,,1,1,1,1
synthetic_0532,test,revise,1,0,,0,1,1,1,0,1,1,0,1,1,0,1,1,0,0,1,1,1,1,1,1,0,,0,0,
synthetic_0789,train,blocked,,1,0,,,,0,,1,1,1,1,1,1,0,1,1,0,1,0,1,1,1,,1,,1,0,0
synthetic_0938,test,blocked,0,1,1,1,1,0,1,1,1,1,0,0,1,1,,,,1,0,0,0,0,1,1,1,1,0,0,
synthetic_0812,train,blocked,1,1,1,0,,,0,,1,1,1,0,1,1,1,1,1,1,,0,1,0,0,0,1,1,,,1
synthetic_0555,train,blocked,1,1,1,,1,1,0,1,0,,,,,,,,,,1,0,,,,1,1,,,,
synthetic_0807,train,blocked,0,0,1,1,1,1,0,1,1,0,1,0,1,0,,,1,,,0,,1,,1,0,,,,
synthetic_0211,train,revise,1,1,0,0,1,1,1,1,1,1,0,1,0,0,1,1,1,1,0,1,1,0,0,1,1,1,1,1,1
synthetic_0781,train,blocked,1,1,1,0,1,1,0,1,1,,1,0,1,1,0,,0,1,1,0,1,1,1,,0,,0,0,
synthetic_1069,train,clarify,1,,1,1,0,1,,,1,,1,1,1,1,1,1,1,0,0,1,,1,0,1,,1,0,0,
synthetic_0022,train,research,1,,1,1,0,,1,1,0,,,,,,,,,1,1,1,1,1,1,1,1,1,,,
synthetic_0984,train,clarify,,,1,1,,0,1,1,1,1,,1,1,1,1,1,1,0,1,,,1,,1,1,,,,
synthetic_0916,test,blocked,1,1,0,0,1,1,0,1,1,1,,0,,1,0,1,1,1,,0,1,1,0,0,,0,0,0,1
synthetic_0680,train,blocked,1,1,0,0,0,,1,1,1,1,1,0,1,0,1,,1,0,1,,1,1,1,0,1,1,,,
synthetic_0033,train,research,1,0,1,1,0,,1,1,1,1,1,1,1,1,1,1,1,1,1,1,1,1,1,1,1,1,0,0,0
synthetic_0097,train,research,1,1,1,1,0,0,1,1,1,1,1,1,1,1,1,1,1,1,1,1,1,1,1,1,1,1,1,0,
synthetic_0767,train,blocked,,1,,1,1,0,,,1,,0,1,1,1,0,0,0,0,1,1,,0,1,0,1,1,0,0,1
synthetic_0764,train,blocked,,0,1,1,1,0,0,1,1,1,0,1,1,1,1,1,,,1,0,1,1,1,1,1,0,1,1,0
synthetic_0239,train,revise,1,1,1,1,1,1,1,1,1,1,0,0,1,0,1,,,1,1,1,1,0,0,1,0,1,1,0,
synthetic_0462,validation,revise,0,,1,0,1,1,1,1,1,1,1,0,1,1,1,0,1,0,0,0,1,,1,1,,1,0,0,
synthetic_0859,validation,blocked,,1,1,,1,0,1,0,,1,,0,1,0,,1,1,0,1,1,0,0,0,1,1,1,1,1,0
synthetic_0589,train,blocked,,1,1,1,,1,1,1,1,1,1,,1,0,1,1,1,1,1,0,,1,0,0,1,1,0,0,0
synthetic_0345,train,revise,1,1,1,1,0,1,1,,1,1,1,,0,0,,1,,1,1,1,1,,0,1,0,1,1,0,0
synthetic_1222,validation,clarify,1,,1,1,1,0,1,,1,,1,,1,,1,1,1,0,1,1,1,1,,,1,1,1,0,0
synthetic_0809,train,blocked,1,1,,0,0,1,1,,,1,1,1,1,1,1,0,1,1,1,1,,1,0,0,1,1,1,1,0
synthetic_1286,test,clarify,,1,1,,,,1,1,1,1,1,1,1,,1,,1,0,,1,,1,,,,1,0,0,
synthetic_0618,train,blocked,1,1,0,0,,1,0,1,1,1,,1,1,,1,1,1,1,,1,,1,1,0,1,0,0,0,0
synthetic_0070,train,research,1,1,1,1,1,,1,1,1,1,1,1,1,1,1,1,1,1,1,1,1,1,1,1,1,1,1,0,0
synthetic_0820,train,blocked,1,1,,1,1,0,,1,1,1,0,0,,,,1,1,,1,1,0,0,0,0,0,1,0,0,0
synthetic_0470,validation,revise,0,,0,1,0,,1,,1,1,0,1,1,1,0,1,1,,1,0,1,1,1,1,1,1,0,0,0
synthetic_1023,train,clarify,1,,1,1,0,,,1,,1,1,1,,,,,,1,1,1,1,1,0,,,,,,
synthetic_1199,train,clarify,1,0,1,1,,0,1,,1,1,,1,1,1,,1,1,0,0,,1,,0,1,,,0,0,
synthetic_0041,train,research,1,0,1,1,1,,1,1,1,1,1,1,1,1,1,1,1,1,1,1,1,1,1,1,1,1,1,0,0
synthetic_0631,train,blocked,0,,1,1,1,,1,1,1,1,1,,0,,,1,1,1,,1,0,0,0,0,0,0,1,1,1
synthetic_0603,train,blocked,1,1,,0,,1,0,1,0,,,,,,,,,1,1,1,,0,0,0,,1,,,
synthetic_0283,train,revise,0,1,1,1,1,1,1,,,,1,,1,,,1,1,1,,0,1,1,0,1,1,0,1,0,1
synthetic_0038,train,research,1,0,1,1,0,0,1,1,0,,,,,,,,,1,1,1,1,1,1,1,1,1,,,
synthetic_0475,validation,revise,1,,0,0,1,1,1,1,1,0,1,1,0,0,1,1,0,1,1,1,1,1,1,1,1,0,1,1,0
synthetic_1248,validation,clarify,1,0,1,,1,1,1,,0,,,,,,,,,1,,1,1,1,,1,,,,,
synthetic_0747,train,blocked,1,1,0,1,0,1,0,1,1,1,1,,1,1,1,,0,1,1,0,1,0,,,1,1,,,1
synthetic_0689,train,blocked,,0,1,1,,,1,1,1,1,1,,,0,1,0,0,1,1,1,0,0,1,1,1,1,1,1,1
synthetic_0207,train,revise,1,0,1,0,1,1,1,1,1,1,0,1,1,0,1,1,1,1,1,,1,,0,1,1,0,0,0,1
synthetic_0502,test,revise,0,,1,,1,,1,1,1,1,0,1,1,0,1,1,1,,,,1,1,1,1,1,0,1,1,1
synthetic_0919,test,blocked,0,1,1,1,1,0,,1,1,0,,0,,1,1,,1,1,1,1,0,0,0,,1,0,1,1,0
synthetic_1001,train,clarify,1,0,,1,0,1,1,,,1,1,1,,1,1,1,1,0,1,,1,,0,1,,1,1,1,0
synthetic_0467,validation,revise,0,0,1,,0,1,1,1,1,1,1,1,1,0,1,1,0,1,,0,1,1,,1,0,1,1,0,0
synthetic_1131,train,clarify,,,1,1,1,0,1,0,0,,,,,,,,,,0,1,1,,1,1,,,,,
synthetic_0501,test,revise,0,1,,1,0,,1,,1,1,0,1,,,0,1,,1,1,1,1,,1,1,1,1,0,0,0
synthetic_0617,train,blocked,1,,1,,1,0,0,1,,1,1,1,,0,,1,1,,1,0,1,0,,,1,0,1,1,1
synthetic_0635,train,blocked,,,1,1,1,,0,1,1,0,1,1,,,1,1,0,1,1,0,1,0,,1,1,1,0,0,
synthetic_0940,test,blocked,1,0,1,,1,1,1,1,,0,1,,0,,1,1,0,0,1,0,1,0,1,0,1,1,1,0,1
synthetic_0087,train,research,1,1,1,1,0,0,1,1,1,1,1,1,1,1,1,1,1,1,1,1,1,1,1,1,1,1,0,0,
synthetic_0096,train,research,1,1,1,1,,1,1,1,1,1,1,1,1,1,1,1,1,1,1,1,1,1,1,1,1,1,1,1,0
synthetic_0877,validation,blocked,1,1,,1,1,,0,,1,1,1,1,1,1,1,1,0,1,1,0,,1,1,1,1,0,,,0
synthetic_0722,train,blocked,0,,0,1,0,1,0,0,1,1,,0,0,1,1,1,,1,0,0,1,,1,,0,0,,,1
synthetic_1322,test,clarify,1,,1,1,0,0,,,,1,1,1,1,1,1,1,,0,,1,,,0,1,1,1,,,0
synthetic_0243,train,revise,1,1,0,1,1,1,1,,1,1,0,1,0,1,0,,1,,,,1,0,1,1,1,,1,0,
synthetic_1054,train,clarify,,1,1,1,1,,,0,1,1,1,1,,1,,1,,1,1,1,,1,,1,1,,1,1,0
synthetic_0790,train,blocked,1,0,0,0,1,,,0,1,,0,1,0,0,1,1,1,,1,0,1,1,1,0,1,1,1,1,1
synthetic_0983,train,clarify,1,1,1,1,,1,1,,,1,,,1,1,1,1,1,0,1,1,,1,,1,1,1,,,0
synthetic_0186,train,revise,1,0,,1,1,1,1,1,1,1,1,1,1,1,,0,1,1,1,1,1,1,0,1,1,1,1,1,1
synthetic_0193,train,revise,,1,1,,1,1,1,0,1,1,1,1,,0,,1,1,,1,1,1,0,1,1,1,1,1,1,1
synthetic_0355,train,revise,0,1,1,,1,,1,,1,1,1,1,0,1,1,,1,0,1,1,1,1,1,1,0,1,1,1,0
synthetic_0551,train,blocked,0,1,1,1,,1,0,1,1,,0,1,0,,1,,0,1,0,1,,0,0,0,,1,,,
synthetic_0670,train,blocked,1,,1,1,1,0,1,1,1,,1,1,,1,1,1,1,0,,1,1,,,0,1,1,,,1
synthetic_0535,test,revise,0,0,1,1,,0,1,1,,1,1,1,0,1,1,1,,0,1,0,1,0,1,1,1,1,0,0,1
synthetic_0043,train,research,1,0,1,1,,1,1,1,0,,,,,,,,,1,1,1,1,1,1,1,1,1,,,
synthetic_0982,train,clarify,1,1,,1,0,0,1,,1,1,1,1,1,1,1,1,,0,0,1,,,0,1,,1,,,0
synthetic_0715,train,blocked,1,1,0,1,0,1,0,1,1,1,0,1,1,1,1,1,0,1,1,1,1,1,1,0,0,1,1,1,0
synthetic_0849,validation,blocked,1,1,1,1,1,1,1,,0,,,,,,,,,0,,1,1,,,0,1,1,,,
synthetic_0376,train,revise,1,,,0,,1,1,1,1,1,1,1,1,0,1,1,1,,1,,1,1,0,1,1,1,1,1,1
synthetic_0855,validation,blocked,,0,1,1,0,1,0,1,0,,,,,,,,,,0,0,,1,1,1,1,1,,,
synthetic_1025,train,clarify,1,1,1,1,0,0,1,,0,,,,,,,,,,,1,,1,0,,,1,,,
synthetic_1145,train,clarify,1,0,1,1,,,1,0,1,1,1,1,,1,1,,1,,0,1,1,1,0,1,,1,0,0,0
synthetic_1100,train,clarify,1,1,,,1,,1,1,0,,,,,,,,,,1,,,1,,1,1,1,,,
synthetic_0215,train,revise,1,0,,0,1,0,1,,1,0,,1,0,1,,,1,1,,1,1,1,1,1,1,1,0,0,0
synthetic_1037,train,clarify,1,0,,1,1,0,1,,,1,,,1,1,1,,,1,1,1,,1,1,1,,1,1,1,0
synthetic_1318,test,clarify,1,,,1,1,1,1,,,,1,1,1,,1,1,1,1,,1,,1,0,1,,1,1,0,0
synthetic_0628,train,blocked,1,1,1,1,0,1,1,0,1,,1,0,0,0,1,1,1,1,1,1,,0,1,0,1,1,1,1,
synthetic_0976,train,clarify,1,1,1,,1,1,,1,,1,1,,1,,1,,1,0,1,,1,,1,1,1,,1,0,
synthetic_0927,test,blocked,1,1,0,1,0,0,1,0,,1,1,1,1,1,1,0,1,0,1,1,0,1,1,0,1,1,,,1
synthetic_0625,train,blocked,0,1,1,1,,1,1,1,1,,,1,0,,1,0,,1,1,1,,1,1,0,1,1,,,1
synthetic_0161,train,revise,1,1,1,1,1,1,1,1,1,1,1,0,1,,1,0,1,1,1,1,1,1,1,1,1,0,1,1,1
synthetic_1101,train,clarify,1,0,1,1,,,,0,0,,,,,,,,,,1,1,1,,,1,1,1,,,
synthetic_0395,train,revise,1,0,1,1,0,0,1,,1,1,1,1,0,1,1,1,0,,0,0,1,,,1,1,1,1,1,0
synthetic_0902,test,blocked,0,,1,1,0,1,,1,1,,1,1,1,1,1,1,1,1,,1,1,1,1,0,1,1,1,0,1
synthetic_1051,train,clarify,,0,1,1,1,,,0,0,,,,,,,,,1,1,,1,1,0,,,1,,,
synthetic_0347,train,revise,,,0,0,,1,1,1,,0,1,1,0,1,,1,1,1,0,1,1,,,1,1,0,,,
synthetic_0255,train,revise,1,1,1,1,1,1,1,1,1,1,1,0,1,0,1,1,1,1,1,1,1,1,1,1,1,,1,1,0
synthetic_0069,train,research,1,0,1,1,,0,1,1,1,1,1,1,1,1,1,1,1,1,1,1,1,1,1,1,1,1,0,0,
synthetic_0567,train,blocked,1,,1,0,1,1,0,0,1,0,,1,1,1,0,,1,0,1,0,1,1,,,,,1,1,
synthetic_0664,train,blocked,1,0,1,,,1,1,0,0,,,,,,,,,1,1,0,0,0,1,1,,1,,,
synthetic_0268,train,revise,0,1,0,0,1,0,1,1,1,1,,0,0,1,,0,,,1,,1,1,,1,1,0,,,0
synthetic_0154,train,revise,0,1,0,1,1,1,1,1,,,1,,1,1,1,1,1,1,0,1,1,0,0,1,1,1,1,0,
synthetic_1230,validation,clarify,1,,1,1,,1,,,0,,,,,,,,,0,1,,1,,0,1,1,,,,
synthetic_0471,validation,revise,1,0,1,1,1,1,1,0,1,0,1,,0,1,0,,1,,,1,1,,,1,0,0,1,1,0
synthetic_0072,train,research,1,,1,1,,0,1,1,1,1,1,1,1,1,1,1,1,1,1,1,1,1,1,1,1,1,1,0,0
synthetic_0943,train,clarify,1,,1,1,1,1,,,1,1,,1,1,1,,1,1,1,,1,1,,1,,1,1,0,0,0
synthetic_0840,validation,blocked,0,1,,0,1,,0,,1,,1,1,1,0,,0,1,1,,1,0,0,,1,,1,1,0,1
synthetic_0410,train,revise,1,1,,0,0,1,1,0,1,1,1,,0,0,1,0,1,1,,0,1,,1,1,,1,,,1
synthetic_0202,train,revise,1,1,1,0,1,,1,1,1,0,1,1,0,,,0,1,0,1,0,1,0,1,1,1,,1,1,
synthetic_1189,train,clarify,1,0,1,1,0,,1,,,1,,1,1,1,1,1,1,,0,,1,1,,1,,1,,,
synthetic_0102,validation,research,1,,1,1,,0,1,1,1,1,1,1,1,1,1,1,1,1,1,1,1,1,1,1,1,1,,,
synthetic_0759,train,blocked,1,0,1,1,1,1,0,,0,,,,,,,,,1,1,0,,1,,,1,1,,,
synthetic_0683,train,blocked,0,1,1,1,1,0,,1,1,,0,1,1,1,1,,1,1,1,,,,1,0,0,0,1,1,0
synthetic_0223,train,revise,0,1,1,,0,0,1,1,1,1,0,0,1,1,1,1,,1,1,1,1,1,1,1,1,0,1,0,0
synthetic_1063,train,clarify,,1,1,1,1,1,1,0,0,,,,,,,,,,1,,1,1,0,1,,,,,
synthetic_0573,train,blocked,0,1,1,0,,1,1,1,1,,,,1,1,1,1,,,1,1,1,1,0,0,,1,0,0,
synthetic_0297,train,revise,1,1,,0,0,1,1,1,1,1,,0,,1,0,1,1,0,1,1,1,1,1,1,1,1,1,1,0
synthetic_0977,train,clarify,1,0,1,1,,,1,1,0,,,,,,,,,0,1,1,1,1,1,,1,,,,
synthetic_1234,validation,clarify,1,1,1,,,1,,0,1,,1,1,,1,1,1,,,,1,1,1,1,,1,1,,,
synthetic_1021,train,clarify,,0,1,1,1,,1,,1,,1,1,1,1,,,1,0,1,1,1,1,0,,1,,1,0,0
synthetic_0707,train,blocked,1,1,1,1,1,0,0,,0,,,,,,,,,0,0,1,,1,1,0,,1,,,
synthetic_0822,validation,blocked,,1,1,1,0,1,,0,1,1,,1,1,0,1,1,1,1,1,,0,1,1,0,1,,1,1,1
synthetic_0383,train,revise,1,1,0,,1,,1,,,1,1,0,,1,1,0,1,0,1,1,1,,1,1,0,0,1,0,
synthetic_0452,validation,revise,0,1,1,1,0,1,1,1,1,1,,,0,0,1,0,,0,1,1,1,0,1,1,,1,1,1,0
synthetic_0896,test,blocked,1,1,1,,1,1,1,0,1,0,1,1,1,1,1,,1,0,1,1,0,0,,0,1,1,,,1
synthetic_1260,validation,clarify,,0,1,,1,0,1,0,,1,1,1,,1,1,,,0,0,1,1,1,1,1,1,1,,,0
synthetic_1031,train,clarify,,0,1,,,1,,1,,1,1,,1,1,,1,1,0,1,,,,,,,1,1,1,0
synthetic_0821,validation,blocked,1,0,,0,1,,1,1,1,1,,0,1,1,1,,1,1,0,,0,1,0,0,,1,1,1,0
synthetic_0623,train,blocked,1,,1,,1,1,0,1,1,1,,,,,1,1,1,1,0,,1,0,1,0,1,0,0,0,
synthetic_0865,validation,blocked,1,,0,1,,,0,,1,1,,1,0,1,1,,1,1,1,1,0,0,0,1,,,0,0,1
synthetic_0141,train,revise,1,0,0,0,1,,1,0,1,1,,0,,,0,1,1,0,1,1,1,0,,1,1,0,1,0,0
synthetic_1237,validation,clarify,1,1,1,1,0,0,1,,,1,,1,,1,1,1,,,,1,1,,1,1,1,1,1,0,
synthetic_0412,train,revise,,0,1,0,1,1,1,1,0,,,,,,,,,0,0,1,1,0,,1,,0,,,
synthetic_0120,test,research,1,1,1,1,0,1,1,1,0,,,,,,,,,1,1,1,1,1,1,1,1,1,,,
synthetic_0374,train,revise,1,1,1,1,1,,1,1,,1,,0,1,1,1,,,0,1,0,1,1,,1,0,,1,0,0
synthetic_0793,train,blocked,,0,,1,1,1,0,1,1,1,0,1,1,1,1,0,1,0,0,1,0,0,1,0,,0,0,0,0
synthetic_0996,train,clarify,1,1,1,1,1,1,,,,1,,1,1,,1,,,,,1,,,,1,1,1,,,0
synthetic_1137,train,clarify,1,,,1,,,,,,1,,,1,1,1,1,1,0,1,,1,1,,1,1,1,,,
synthetic_0222,train,revise,1,1,,1,1,0,1,0,1,1,0,1,0,0,1,1,1,1,0,0,1,1,1,1,0,1,,,1
synthetic_1082,train,clarify,1,1,1,,1,,1,,1,1,1,1,1,1,1,1,1,1,,1,1,1,1,,1,,1,0,
synthetic_0005,train,research,1,0,1,1,1,0,1,1,0,,,,,,,,,1,1,1,1,1,1,1,1,1,,,
synthetic_0974,train,clarify,,1,,1,,1,,,0,,,,,,,,,0,1,,1,1,,1,,1,,,
synthetic_0641,train,blocked,,1,,1,1,,0,1,1,1,1,0,1,1,1,0,1,1,1,,1,0,1,0,1,1,1,0,1
synthetic_1040,train,clarify,1,,1,1,0,0,1,0,0,,,,,,,,,,0,1,1,1,,1,,1,,,
synthetic_1339,test,clarify,1,0,,,1,,,1,,1,1,,1,1,,1,1,,1,1,,,,,1,1,1,1,
synthetic_0547,train,blocked,1,1,1,1,1,1,0,1,1,1,0,,1,1,1,1,1,1,,0,1,1,1,1,0,1,0,0,0
synthetic_1191,train,clarify,1,1,,1,0,,,0,0,,,,,,,,,,0,,,1,,1,1,,,,
synthetic_1043,train,clarify,1,0,1,,,1,1,1,0,,,,,,,,,1,1,1,1,,0,,1,1,,,
synthetic_0950,train,clarify,1,0,1,1,1,1,1,,0,,,,,,,,,0,0,1,1,1,1,1,1,,,,
synthetic_1338,test,clarify,1,,1,1,0,1,1,0,1,1,1,1,1,1,1,1,1,1,1,1,1,,0,1,1,,1,1,0
synthetic_1092,train,clarify,,0,1,1,,0,1,1,0,,,,,,,,,0,,,,,0,1,1,1,,,
synthetic_1271,validation,clarify,1,0,1,1,0,0,1,1,,,1,1,1,1,,1,1,,0,1,1,1,0,1,1,1,1,0,
synthetic_0960,train,clarify,1,1,,1,,,1,1,1,1,1,,1,1,1,1,1,0,,1,1,1,1,,1,,,,
synthetic_0609,train,blocked,1,1,1,,,,1,0,1,1,1,1,1,1,1,0,1,1,,,1,1,1,0,1,0,0,0,0
synthetic_0530,test,revise,1,1,0,0,1,0,1,1,1,1,,1,0,1,0,1,1,1,1,1,1,0,1,1,1,1,1,0,1
synthetic_0447,validation,revise,1,1,1,1,1,1,1,0,1,1,1,1,0,1,,,1,,1,1,1,1,1,1,1,0,1,0,1
synthetic_0198,train,revise,0,1,1,0,1,1,1,1,1,1,,0,0,,0,0,1,,1,1,1,1,1,1,,1,1,0,1
synthetic_1277,validation,clarify,,,,1,,1,1,0,0,,,,,,,,,1,0,1,1,1,0,1,,,,,
synthetic_0557,train,blocked,1,,0,1,1,0,,1,,1,1,1,1,1,1,1,1,,0,1,1,,1,0,1,1,,,
synthetic_0913,test,blocked,0,,1,1,0,1,1,1,,1,0,1,1,,0,1,0,1,1,1,,1,1,0,,1,,,0
synthetic_1298,test,clarify,,1,1,1,,,1,,0,,,,,,,,,1,1,1,,1,,1,,1,,,
synthetic_0007,train,research,1,,1,1,,0,1,1,0,,,,,,,,,1,1,1,1,1,1,1,1,1,,,
synthetic_0152,train,revise,1,1,,1,,,1,1,1,1,1,1,1,,0,,1,1,1,0,1,0,1,1,,1,0,0,
synthetic_0107,validation,research,1,1,1,1,,,1,1,1,1,1,1,1,1,1,1,1,1,1,1,1,1,1,1,1,1,1,1,0
synthetic_0270,train,revise,1,1,1,0,1,1,1,,,1,0,1,0,0,1,1,,1,1,0,1,1,0,1,,,,,0
synthetic_0892,test,blocked,,1,1,0,0,1,0,1,1,1,1,1,,,1,1,0,1,0,,0,0,1,,1,,1,1,
synthetic_0815,train,blocked,1,1,0,0,0,0,0,1,1,1,1,1,,,,,1,0,1,1,0,0,1,1,,1,0,0,0
synthetic_0300,train,revise,1,1,1,1,1,1,1,1,,,,1,0,1,,0,0,,0,1,1,,1,1,1,0,1,1,0
synthetic_0786,train,blocked,1,0,,,1,1,1,1,1,1,1,1,1,1,,1,1,1,1,1,1,1,,0,0,0,1,1,1
synthetic_0060,train,research,1,0,1,1,1,1,1,1,1,1,1,1,1,1,1,1,1,1,1,1,1,1,1,1,1,1,0,0,0
synthetic_0748,train,blocked,1,0,1,1,0,1,0,1,0,,,,,,,,,1,,0,0,0,0,1,0,,,,
synthetic_0854,validation,blocked,1,,1,1,,1,,1,1,1,0,0,,1,1,1,0,,0,0,,0,1,0,1,1,0,0,0
synthetic_1016,train,clarify,1,1,1,1,0,0,,0,0,,,,,,,,,1,,1,1,1,,1,,1,,,
synthetic_0225,train,revise,,0,1,1,0,1,1,1,1,0,1,0,0,1,0,1,1,,1,0,1,1,0,1,1,1,,,1
synthetic_1072,train,clarify,1,,,,0,,1,1,,1,1,1,1,,,,,0,1,,1,,0,,1,,1,0,0
synthetic_0454,validation,revise,1,1,,0,0,0,1,1,,1,1,1,0,1,0,0,1,0,1,1,1,1,,1,1,1,1,0,
synthetic_1136,train,clarify,,0,1,,,,,1,1,1,1,1,1,,,,,1,,1,,1,,1,,,,,
synthetic_0387,train,revise,1,1,0,1,1,1,1,1,1,,0,1,1,1,1,,1,1,1,1,1,1,1,1,1,1,,,
synthetic_1184,train,clarify,,,,1,0,1,1,,0,,,,,,,,,0,1,,,1,,1,1,1,,,
synthetic_1289,test,clarify,,0,1,1,1,1,1,0,,1,1,1,1,1,,1,1,1,,1,1,,,1,1,1,1,0,
synthetic_0614,train,blocked,1,,0,0,1,1,0,,0,,,,,,,,,1,1,0,1,1,0,1,1,0,,,
synthetic_1030,train,clarify,1,0,,1,,,1,0,0,,,,,,,,,1,0,1,,1,0,,1,1,,,
synthetic_0800,train,blocked,,1,1,,1,1,1,1,,1,,1,1,,1,,,1,1,,,,0,0,1,1,,,1
synthetic_0301,train,revise,0,,1,,1,1,1,1,1,0,1,1,1,,1,0,1,1,0,1,1,1,1,1,1,1,1,0,
synthetic_1158,train,clarify,1,,1,1,1,0,,,,,,1,,1,1,1,1,1,1,,,1,1,,,1,0,0,0
synthetic_1127,train,clarify,1,0,1,,1,0,,0,,,1,1,1,1,1,1,,1,0,1,,,,1,1,1,1,1,0
synthetic_0921,test,blocked,1,1,0,,1,1,0,1,0,,,,,,,,,0,1,0,1,,1,1,1,1,,,
synthetic_0985,train,clarify,1,1,1,1,0,,1,,,1,,1,,1,,1,1,0,0,,1,,,1,,,,,
synthetic_1336,test,clarify,1,,1,1,1,1,,0,1,1,,1,1,1,1,1,,0,1,1,1,1,1,,1,,,,
synthetic_0338,train,revise,1,1,1,,,1,1,0,1,0,,1,1,0,0,1,,1,1,1,1,,,1,0,1,1,0,0
synthetic_0406,train,revise,1,1,1,0,1,1,1,1,1,,1,1,0,1,0,,0,1,1,1,1,,1,1,,1,1,1,0
synthetic_0543,train,blocked,,1,1,,,0,,1,1,1,1,,,1,1,,1,1,1,1,0,0,0,,,1,0,0,
synthetic_0284,train,revise,0,1,1,0,1,1,1,,1,0,,1,1,1,0,,1,,1,,1,0,1,1,1,1,0,0,0
synthetic_0993,train,clarify,,0,1,1,,1,1,0,1,1,,1,,1,,1,1,,,1,,,,1,,1,0,0,0
synthetic_0517,test,revise,1,1,1,1,1,1,1,1,1,0,1,0,0,,1,1,0,,0,1,1,1,1,1,1,0,,,0
synthetic_0968,train,clarify,,1,1,,0,1,1,,0,,,,,,,,,,,1,,1,,1,1,,,,
synthetic_0541,train,blocked,1,1,,1,,,1,0,1,1,1,0,1,0,1,,1,1,,1,0,0,1,0,,,1,1,1
synthetic_0404,train,revise,1,1,0,,,1,1,1,1,,,1,,0,1,1,1,1,1,,1,1,,1,1,0,1,1,1
synthetic_0366,train,revise,0,1,0,0,1,,1,1,,1,1,,0,0,1,,1,0,1,0,1,0,,1,,0,0,0,
synthetic_0263,train,revise,1,1,1,1,0,1,1,1,1,1,1,1,0,1,1,1,1,1,,0,1,,1,1,1,0,,,0
synthetic_0728,train,blocked,1,1,0,1,1,1,0,,0,,,,,,,,,0,,1,0,0,1,1,1,,,,
synthetic_1229,validation,clarify,,0,,1,0,,1,,0,,,,,,,,,1,0,1,1,,0,1,1,1,,,
synthetic_0031,train,research,1,1,1,1,1,1,1,1,1,1,1,1,1,1,1,1,1,1,1,1,1,1,1,1,1,1,,,0
synthetic_0011,train,research,1,0,1,1,,1,1,1,1,1,1,1,1,1,1,1,1,1,1,1,1,1,1,1,1,1,1,0,0
synthetic_0732,train,blocked,0,1,1,,,,,,1,1,1,1,,0,,1,1,,1,0,0,0,1,0,1,,0,0,1
synthetic_1122,train,clarify,1,,,1,1,,,0,1,1,1,1,1,1,1,1,1,,1,1,,1,,1,1,1,,,
synthetic_0258,train,revise,1,1,1,1,,1,1,0,1,,0,1,,1,0,1,0,1,1,1,1,1,0,1,1,,1,1,1
synthetic_0497,test,revise,0,,1,1,1,1,1,,1,,0,1,1,,,1,1,1,1,0,1,,1,1,,0,1,1,0
synthetic_0128,test,research,1,0,1,1,0,1,1,1,0,,,,,,,,,1,1,1,1,1,1,1,1,1,,,
synthetic_1170,train,clarify,1,0,1,1,0,0,1,1,0,,,,,,,,,1,1,,,,1,1,1,1,,,
synthetic_0074,train,research,1,0,1,1,1,1,1,1,1,1,1,1,1,1,1,1,1,1,1,1,1,1,1,1,1,1,1,0,
synthetic_1062,train,clarify,1,,,1,0,0,,0,0,,,,,,,,,1,,1,1,1,1,1,,1,,,
synthetic_1340,test,clarify,1,1,,1,0,1,,,,,1,1,1,1,,1,,,1,,1,1,,1,,1,1,0,
synthetic_1164,train,clarify,1,1,1,1,0,,1,0,,1,,1,1,1,,1,1,0,1,1,,,,,,1,1,0,
synthetic_0966,train,clarify,1,0,1,1,0,0,,0,,,,1,,1,,,1,1,,1,1,1,,1,1,1,0,0,0
synthetic_0708,train,blocked,0,1,,,1,1,1,,,1,,1,1,,0,1,1,1,1,,,1,0,0,,0,1,0,1
synthetic_0587,train,blocked,0,1,1,1,1,,1,1,1,,1,1,1,1,,1,1,1,1,1,1,0,0,0,1,1,,,
synthetic_1304,test,clarify,,,1,,,1,1,0,,1,1,,1,,,1,1,,0,1,1,1,,1,1,,,,
synthetic_1176,train,clarify,,1,1,1,0,1,1,0,,,,,1,1,,,,1,1,1,1,1,,1,,1,1,0,0
synthetic_0296,train,revise,1,1,1,1,1,0,1,1,1,1,,1,1,0,0,,1,,1,1,1,0,0,1,1,1,1,0,
synthetic_0260,train,revise,1,1,1,0,,1,1,1,1,0,,1,1,,0,1,,1,0,,1,1,1,1,,1,0,0,
synthetic_0495,test,revise,1,1,1,1,0,1,1,1,1,1,,1,0,1,0,1,1,,1,1,1,,1,1,1,1,,,
synthetic_0054,train,research,1,,1,1,,1,1,1,1,1,1,1,1,1,1,1,1,1,1,1,1,1,1,1,1,1,,,
synthetic_0630,train,blocked,1,1,,0,1,,0,,1,1,1,0,1,1,1,1,1,1,,0,1,1,,1,1,,1,0,0
synthetic_0061,train,research,1,0,1,1,1,0,1,1,1,1,1,1,1,1,1,1,1,1,1,1,1,1,1,1,1,1,0,0,0
synthetic_0108,validation,research,1,0,1,1,0,,1,1,1,1,1,1,1,1,1,1,1,1,1,1,1,1,1,1,1,1,0,0,
synthetic_0175,train,revise,1,0,0,1,0,0,1,0,1,1,1,,,1,0,1,,1,1,1,1,0,0,1,1,1,1,0,1
synthetic_1064,train,clarify,1,0,1,,1,0,1,,0,,,,,,,,,0,1,,1,,1,1,1,1,,,
synthetic_0478,validation,revise,1,0,1,1,1,1,1,1,1,,1,1,1,0,1,1,1,0,0,1,1,1,1,1,1,0,,,0
synthetic_1203,train,clarify,1,1,1,1,0,1,,0,1,1,1,1,,1,1,1,,0,,1,,1,1,,,1,1,0,0
synthetic_0129,test,research,1,,1,1,0,1,1,1,1,1,1,1,1,1,1,1,1,1,1,1,1,1,1,1,1,1,,,
synthetic_0571,train,blocked,1,,0,0,1,1,,1,1,,1,1,0,1,1,1,0,1,1,0,1,0,1,0,1,1,0,0,
synthetic_0121,test,research,1,0,1,1,,,1,1,1,1,1,1,1,1,1,1,1,1,1,1,1,1,1,1,1,1,1,0,0
synthetic_1175,train,clarify,,0,,1,1,0,,,1,,1,,1,,1,,1,,0,1,1,1,1,,1,1,0,0,0
synthetic_0857,validation,blocked,1,0,,0,,1,0,,1,1,,0,1,0,1,,1,0,0,0,0,0,1,,1,1,1,1,1
synthetic_1123,train,clarify,1,0,,1,,,1,0,,1,1,,,1,1,,,,1,1,1,1,0,1,1,1,0,0,0
synthetic_0958,train,clarify,,1,,,1,1,1,,0,,,,,,,,,0,0,1,,,1,,,1,,,
synthetic_1019,train,clarify,,0,1,1,0,0,1,,0,,,,,,,,,0,0,1,1,1,0,1,1,1,,,
synthetic_0109,validation,research,1,0,1,1,,0,1,1,1,1,1,1,1,1,1,1,1,1,1,1,1,1,1,1,1,1,1,0,
synthetic_0677,train,blocked,1,0,0,1,1,1,0,1,1,0,1,,1,1,0,0,1,,1,0,1,1,0,1,1,1,0,0,
synthetic_0508,test,revise,0,1,0,1,1,0,1,1,1,1,0,0,,,1,1,1,1,1,1,1,,1,1,0,,0,0,
synthetic_0876,validation,blocked,1,,1,1,1,1,1,1,0,,,,,,,,,,1,1,1,1,1,0,1,0,,,
synthetic_1044,train,clarify,1,,1,1,,1,1,1,0,,,,,,,,,1,,,,1,0,1,1,,,,
synthetic_1215,train,clarify,1,0,1,,,0,,0,0,,,,,,,,,1,0,1,1,1,,1,,1,,,
synthetic_0279,train,revise,0,1,,0,1,1,1,1,1,,1,0,0,1,1,0,1,1,1,,1,,1,1,,0,1,0,1
synthetic_0932,test,blocked,,1,1,1,,1,1,0,0,,,,,,,,,1,1,1,0,1,0,0,1,0,,,
synthetic_0773,train,blocked,0,1,1,1,0,0,0,,1,1,0,1,0,1,1,1,1,1,0,0,1,,1,0,1,1,,,
synthetic_1013,train,clarify,1,0,,,0,0,,1,,1,1,1,,1,1,,1,0,1,1,,1,,1,1,,1,0,0
synthetic_1324,test,clarify,1,,1,1,1,,,,,1,1,1,1,1,1,1,1,1,1,1,1,,,1,1,1,1,0,
synthetic_0021,train,research,1,0,1,1,0,1,1,1,1,1,1,1,1,1,1,1,1,1,1,1,1,1,1,1,1,1,0,0,
synthetic_0832,validation,blocked,1,1,1,1,,1,1,0,1,1,0,1,1,,0,,1,1,0,1,0,0,1,1,,1,1,1,0
synthetic_0327,train,revise,1,1,0,,1,,1,1,1,1,1,,0,,0,1,1,,1,,1,1,1,1,0,1,1,1,1
synthetic_0528,test,revise,0,1,0,,0,0,1,1,1,0,1,1,1,1,1,0,1,0,,1,1,1,,1,,1,1,0,1
synthetic_0048,train,research,1,1,1,1,0,0,1,1,1,1,1,1,1,1,1,1,1,1,1,1,1,1,1,1,1,1,0,0,0
synthetic_0665,train,blocked,1,1,1,1,1,1,0,0,1,1,0,,,1,1,1,1,1,0,0,1,1,1,,1,,0,0,0
synthetic_0605,train,blocked,1,0,1,1,1,0,0,0,0,,,,,,,,,0,1,0,0,,1,0,1,0,,,
synthetic_1263,validation,clarify,1,1,,,0,0,1,0,0,,,,,,,,,1,,1,1,1,1,,1,1,,,
synthetic_1118,train,clarify,1,,,,,,,0,0,,,,,,,,,,,,1,1,1,1,1,1,,,
synthetic_1288,test,clarify,1,1,1,,,0,1,0,,1,1,1,1,1,1,,1,0,0,,1,1,1,1,1,,1,1,0
synthetic_0672,train,blocked,,,1,1,0,,0,1,,0,1,1,0,1,,0,1,1,1,1,,1,1,0,0,1,1,0,1
synthetic_0422,validation,revise,1,1,1,1,1,1,1,1,0,,,,,,,,,0,,1,1,1,1,1,1,0,,,
synthetic_1264,validation,clarify,1,,1,1,0,1,1,0,,,1,1,1,1,1,1,1,0,0,,1,1,0,1,,1,1,0,0
synthetic_1144,train,clarify,1,1,1,1,0,0,1,1,0,,,,,,,,,,0,,,1,1,1,1,1,,,
synthetic_0099,validation,research,1,1,1,1,1,0,1,1,0,,,,,,,,,1,1,1,1,1,1,1,1,1,,,
synthetic_0841,validation,blocked,0,1,1,1,,1,0,,1,0,1,0,1,0,0,,0,0,1,0,1,1,,,0,,1,1,1
synthetic_0261,train,revise,0,1,0,1,1,,1,1,1,1,1,0,1,,,1,1,1,0,1,1,1,1,1,1,1,1,0,1
synthetic_0656,train,blocked,0,1,1,0,1,0,1,1,0,,,,,,,,,0,1,0,1,1,1,0,1,,,,
synthetic_0421,validation,revise,0,1,1,1,0,1,1,1,,1,1,1,1,1,1,1,1,1,1,1,1,1,1,1,0,1,0,0,0
synthetic_1254,validation,clarify,1,0,1,1,0,,1,0,,,1,1,1,1,,1,1,0,1,1,1,1,,1,,,1,1,0
synthetic_0027,train,research,1,1,1,1,1,0,1,1,1,1,1,1,1,1,1,1,1,1,1,1,1,1,1,1,1,1,1,0,
synthetic_0231,train,revise,1,1,1,1,1,1,1,1,1,1,1,1,0,0,0,1,0,0,1,0,1,1,,1,1,0,1,1,0
synthetic_0196,train,revise,0,1,,0,0,1,1,0,1,1,0,1,,1,1,0,1,1,,0,1,1,0,1,1,0,0,0,1
synthetic_0020,train,research,1,,1,1,1,0,1,1,1,1,1,1,1,1,1,1,1,1,1,1,1,1,1,1,1,1,1,1,
synthetic_0538,test,revise,1,0,1,1,1,1,1,0,1,0,,1,1,1,0,1,1,1,1,1,1,,1,1,0,1,1,1,1
synthetic_0756,train,blocked,1,1,,1,1,0,1,0,0,,,,,,,,,1,1,1,0,0,1,0,1,,,,
synthetic_1039,train,clarify,1,1,,1,,0,1,,1,1,1,,,,1,1,1,1,1,,,,1,,1,,1,1,
synthetic_0776,train,blocked,,1,1,0,1,1,1,1,0,,,,,,,,,1,1,,1,1,1,0,,1,,,
synthetic_0576,train,blocked,0,0,1,,1,0,0,0,1,1,1,0,1,1,1,1,,0,1,0,,0,0,,1,1,1,1,0
synthetic_0749,train,blocked,0,,,0,0,1,1,0,0,,,,,,,,,0,0,,0,0,0,1,1,1,,,
synthetic_0864,validation,blocked,1,,,,1,1,1,1,1,1,1,1,1,1,1,,1,1,0,1,1,0,,0,,,1,0,1
synthetic_0159,train,revise,0,0,1,0,0,,1,1,1,1,0,,,,,0,0,1,1,0,1,0,0,1,1,1,0,0,1
synthetic_0273,train,revise,,0,0,1,0,1,1,1,0,,,,,,,,,,1,,1,,1,1,1,,,,
synthetic_1112,train,clarify,,,1,1,0,1,,0,0,,,,,,,,,1,,,1,1,1,1,1,1,,,
synthetic_1210,train,clarify,1,1,,,0,0,1,,0,,,,,,,,,1,0,1,1,,,1,1,,,,
synthetic_1208,train,clarify,1,0,,1,0,1,1,1,0,,,,,,,,,,1,1,1,1,,1,1,1,,,
synthetic_0216,train,revise,0,0,0,0,,,1,0,0,,,,,,,,,1,1,0,1,1,1,1,1,,,,
synthetic_0264,train,revise,0,1,1,1,1,0,1,0,1,0,1,1,1,1,1,,,1,0,1,1,1,0,1,0,0,,,1
synthetic_1084,train,clarify,1,0,1,1,,0,1,1,,,,1,,1,,1,1,0,0,1,1,1,0,1,1,,1,1,
synthetic_0403,train,revise,0,0,1,0,1,1,1,,1,0,0,1,1,1,1,1,1,0,,1,1,1,0,1,1,1,1,1,
synthetic_0658,train,blocked,1,0,,1,,1,1,1,1,1,0,1,0,0,,1,0,,1,,0,1,1,0,0,1,1,1,
synthetic_0494,test,revise,0,1,0,,1,1,1,1,1,1,1,1,1,,1,1,1,1,1,1,1,,1,1,1,,1,1,0
synthetic_1002,train,clarify,1,,1,1,1,0,1,0,,1,,,1,1,,,1,0,0,,1,1,0,1,,,,,
synthetic_0860,validation,blocked,,1,1,,1,,1,1,,1,1,0,,1,1,1,1,,,1,0,1,1,0,1,0,1,1,
synthetic_1055,train,clarify,1,0,,,1,0,1,0,0,,,,,,,,,0,1,1,1,1,,1,1,1,,,
synthetic_0954,train,clarify,1,,1,,1,0,,0,0,,,,,,,,,,1,1,1,1,,1,,1,,,
synthetic_0935,test,blocked,1,0,,1,1,,,1,1,0,1,1,1,1,1,0,0,1,1,1,0,0,1,0,1,1,1,0,1
synthetic_0777,train,blocked,1,1,1,,,1,0,0,0,,,,,,,,,1,1,0,1,1,1,1,1,1,,,
synthetic_1329,test,clarify,1,1,1,1,1,0,,1,1,1,1,1,,1,1,,1,1,1,1,,1,1,1,1,1,1,0,
synthetic_0999,train,clarify,1,1,1,1,0,1,1,1,0,,,,,,,,,1,1,1,1,1,,1,,1,,,
synthetic_0289,train,revise,0,1,0,1,1,1,1,1,1,1,0,0,1,0,1,,1,1,,0,1,1,1,1,1,,0,0,0
synthetic_1165,train,clarify,1,1,,,,,,1,,1,,1,1,1,1,,,0,,1,1,1,1,1,1,,1,0,
synthetic_0236,train,revise,0,,1,,1,1,1,,1,1,,1,1,1,,1,,0,1,1,1,,1,1,1,0,0,0,1
synthetic_1283,test,clarify,1,1,1,,1,0,,,0,,,,,,,,,1,1,,1,1,1,,1,1,,,
synthetic_0246,train,revise,1,1,0,1,1,0,1,0,1,0,1,1,,1,1,1,1,,1,,1,1,,1,0,0,0,0,0
synthetic_1174,train,clarify,,,1,1,,0,,0,,1,1,,,,,1,,0,1,1,,1,0,,1,1,0,0,0
synthetic_1088,train,clarify,1,,,,0,0,,1,1,1,1,1,,1,1,1,1,0,1,,,1,0,,1,1,1,1,
synthetic_0834,validation,blocked,1,1,,,,1,1,1,1,0,0,1,,1,0,1,1,1,1,1,,1,1,0,1,,0,0,0
synthetic_0407,train,revise,1,0,0,0,1,1,1,1,1,1,,0,1,0,1,1,0,1,1,1,1,0,1,1,1,,1,0,0
synthetic_1004,train,clarify,1,0,,1,0,0,1,1,1,,1,,,1,,1,,1,1,1,1,1,0,1,,1,1,0,0
synthetic_0257,train,revise,1,0,0,1,1,1,1,1,1,0,0,0,1,0,0,1,1,,,1,1,0,,1,,1,0,0,
synthetic_0499,test,revise,1,1,0,,1,1,1,1,1,1,1,,1,1,0,0,1,1,1,,1,1,1,1,1,1,0,0,
synthetic_0991,train,clarify,1,1,,1,,,1,1,1,,1,,1,1,,,1,,1,1,1,,1,1,,,1,0,0
synthetic_1312,test,clarify,1,,1,1,0,1,1,1,,1,1,,,,,1,1,,,1,1,1,0,1,1,1,1,1,
synthetic_0760,train,blocked,1,1,1,0,1,1,0,0,1,0,1,0,1,0,0,0,1,1,,0,1,1,,0,1,1,0,0,
synthetic_1017,train,clarify,1,1,1,1,,1,1,0,0,,,,,,,,,,0,1,1,,,1,1,,,,
synthetic_1196,train,clarify,,1,,1,1,,1,1,1,1,1,1,1,,1,,,1,,1,,1,0,,1,,1,1,0
synthetic_0173,train,revise,0,0,1,,,1,1,,1,1,0,,0,1,1,0,1,1,1,1,1,0,,1,,1,0,0,1
synthetic_1147,train,clarify,,1,1,1,1,,1,1,1,,1,1,,,1,,,,0,1,1,1,,,1,1,1,0,0
synthetic_0705,train,blocked,1,,1,,1,0,1,0,1,,1,,1,0,1,,1,1,0,1,0,0,1,1,1,1,,,
synthetic_0988,train,clarify,,1,1,1,0,0,1,1,0,,,,,,,,,,0,1,,1,,1,,,,,
synthetic_0838,validation,blocked,1,0,1,1,1,1,1,1,1,0,1,,,,1,1,0,1,1,1,0,0,1,1,1,1,1,0,
synthetic_0253,train,revise,,1,0,0,,1,1,1,1,1,1,0,0,0,,0,1,0,0,1,1,1,,1,1,,1,1,1
synthetic_0056,train,research,1,,1,1,0,1,1,1,1,1,1,1,1,1,1,1,1,1,1,1,1,1,1,1,1,1,1,0,0
synthetic_0245,train,revise,1,1,1,0,1,1,1,,0,,,,,,,,,,1,1,1,1,1,1,0,,,,
synthetic_1089,train,clarify,1,0,,1,0,,1,,,1,1,,1,,1,1,1,0,0,1,1,,1,1,1,1,0,0,0
synthetic_0616,train,blocked,,1,1,0,0,1,,0,,1,,1,1,0,0,0,1,1,1,,0,0,,,1,1,,,1
synthetic_0909,test,blocked,,0,0,1,0,0,0,1,0,,,,,,,,,1,,1,1,0,1,0,1,1,,,
synthetic_0238,train,revise,,1,1,1,1,1,1,1,1,0,1,0,1,,1,1,,,1,1,1,1,,1,1,,,,
synthetic_0065,train,research,1,1,1,1,0,0,1,1,1,1,1,1,1,1,1,1,1,1,1,1,1,1,1,1,1,1,,,
synthetic_0615,train,blocked,1,,1,1,,1,1,1,1,1,1,1,,,1,,0,0,1,1,0,0,1,1,1,,1,1,1
synthetic_0941,train,clarify,1,,,1,1,0,1,,1,,,1,1,1,,1,1,1,1,,1,1,,1,1,1,1,1,
synthetic_1193,train,clarify,1,0,,1,,1,,,1,1,1,1,1,1,1,,,0,0,,1,1,1,1,1,1,,,0
synthetic_1224,validation,clarify,1,,1,1,,,1,,1,1,,1,1,1,,1,1,1,1,1,1,1,1,1,1,1,0,0,0
synthetic_0140,test,research,1,,1,1,1,,1,1,1,1,1,1,1,1,1,1,1,1,1,1,1,1,1,1,1,1,0,0,0
synthetic_0730,train,blocked,,1,,1,1,0,1,1,1,1,1,1,1,1,1,1,,1,1,1,0,0,1,0,1,1,1,1,
synthetic_0234,train,revise,,1,0,1,0,1,1,1,1,0,,,0,,1,1,0,,1,0,1,0,1,1,,0,1,0,1
synthetic_0755,train,blocked,,1,0,1,1,1,0,1,1,1,,1,,,,1,0,0,,0,,1,1,1,,1,0,0,1
synthetic_0489,test,revise,1,1,1,0,,1,1,,,1,1,1,1,1,1,0,,,1,1,1,0,1,1,1,0,0,0,0
synthetic_0059,train,research,1,0,1,1,0,,1,1,1,1,1,1,1,1,1,1,1,1,1,1,1,1,1,1,1,1,1,0,0
synthetic_1102,train,clarify,,0,,1,0,1,1,0,1,,1,1,,1,1,,1,,0,1,,1,0,1,1,1,1,1,
synthetic_0336,train,revise,0,1,0,0,,1,1,,1,1,0,1,1,0,1,1,1,1,0,1,1,0,0,1,1,1,,,
synthetic_1060,train,clarify,1,0,1,1,,0,,,0,,,,,,,,,1,1,1,1,1,0,1,,1,,,
synthetic_0047,train,research,1,1,1,1,,1,1,1,1,1,1,1,1,1,1,1,1,1,1,1,1,1,1,1,1,1,1,0,
synthetic_0989,train,clarify,1,0,1,1,1,1,,1,,,1,1,,,,,1,1,,,1,1,,1,1,1,1,1,0
synthetic_0343,train,revise,,1,1,0,1,1,1,1,0,,,,,,,,,1,1,,1,1,1,1,,,,,
synthetic_0171,train,revise,1,1,1,1,,,1,0,1,1,0,0,1,1,1,1,1,1,1,0,1,1,,1,1,1,,,0
synthetic_0441,validation,revise,0,,0,0,0,1,1,0,1,0,1,,,1,1,1,1,0,,0,1,1,,1,1,1,0,0,0
synthetic_0622,train,blocked,0,1,,1,0,1,1,1,1,0,1,,,1,1,,1,0,0,1,0,0,0,,,1,1,1,0
synthetic_0428,validation,revise,0,,0,,1,,1,0,1,1,0,1,,1,1,1,1,1,1,0,1,1,1,1,0,1,1,0,
synthetic_0324,train,revise,1,,1,1,1,1,1,1,,1,0,1,1,0,1,1,1,1,1,0,1,,,1,,1,1,0,0
synthetic_0247,train,revise,1,,0,0,,0,1,0,1,1,,1,0,0,1,1,0,1,1,,1,0,,1,0,0,,,1
synthetic_1253,validation,clarify,1,1,,1,,1,1,,1,1,1,1,,1,1,1,1,1,1,1,,1,0,1,1,1,1,0,
synthetic_0804,train,blocked,1,,0,1,,1,1,,1,1,0,1,1,0,1,1,1,0,0,1,0,0,0,1,1,1,0,0,
synthetic_0903,test,blocked,,0,,0,1,1,,1,1,,0,1,1,,1,0,1,0,1,1,0,0,,0,,1,1,1,
synthetic_0227,train,revise,1,,0,1,1,1,1,1,1,0,,1,1,1,1,1,1,0,1,0,1,1,1,1,0,1,0,0,1
synthetic_0285,train,revise,0,1,1,1,1,1,1,1,1,0,0,1,1,0,0,,1,1,0,1,1,1,1,1,,0,,,
synthetic_0726,train,blocked,0,1,1,1,1,1,1,1,1,0,0,,,1,1,1,1,0,0,0,,1,1,0,1,1,,,
synthetic_0098,train,research,1,0,1,1,1,,1,1,0,,,,,,,,,1,1,1,1,1,1,1,1,1,,,
synthetic_0371,train,revise,0,1,1,1,1,0,1,1,1,,1,1,0,,0,,,1,,0,1,0,1,1,,,0,0,
synthetic_1045,train,clarify,1,,,,0,,1,0,,,,,1,1,1,,,0,1,,,1,,,,,1,1,0
synthetic_0148,train,revise,0,1,1,0,0,1,1,1,1,1,,,1,0,1,1,1,1,1,1,1,0,1,1,1,1,1,0,1
synthetic_1306,test,clarify,,1,,,1,1,,1,1,1,1,1,1,1,,,1,0,,,1,,0,1,1,,1,1,
synthetic_0012,train,research,1,1,1,1,,0,1,1,1,1,1,1,1,1,1,1,1,1,1,1,1,1,1,1,1,1,1,1,0
synthetic_0321,train,revise,0,1,1,1,1,1,1,,1,1,1,,1,0,0,0,1,1,1,,1,,,1,1,,1,1,
synthetic_0365,train,revise,1,1,,1,1,0,1,1,1,1,0,,1,0,,0,1,1,1,1,1,0,1,1,0,1,1,1,
synthetic_0600,train,blocked,1,1,0,1,0,0,0,1,0,,,,,,,,,0,1,0,1,,1,,1,1,,,
synthetic_0340,train,revise,1,,1,,1,1,1,0,1,0,0,,0,1,1,1,1,0,1,1,1,1,1,1,1,0,0,0,0
synthetic_0350,train,revise,1,1,1,1,,1,1,0,1,0,1,0,,1,,1,1,0,1,1,1,1,1,1,,,1,1,
synthetic_0136,test,research,1,,1,1,1,,1,1,1,1,1,1,1,1,1,1,1,1,1,1,1,1,1,1,1,1,1,1,0
synthetic_0524,test,revise,1,0,1,1,1,1,1,1,1,1,1,0,0,,0,0,0,1,1,,1,1,0,1,,1,0,0,0
synthetic_0731,train,blocked,,,1,1,1,1,1,1,1,1,0,1,1,1,1,1,1,0,1,1,0,0,,1,1,1,1,1,
synthetic_1337,test,clarify,1,1,1,,,1,1,1,1,,,1,1,1,,1,1,0,0,1,1,,0,,1,,,,
synthetic_0933,test,blocked,1,0,1,0,1,,0,1,1,1,0,1,1,1,1,0,,,1,,0,0,,0,1,1,0,0,1
synthetic_0522,test,revise,1,1,1,,1,,1,0,1,0,,1,1,,0,0,1,1,1,0,1,,1,1,0,1,,,1
synthetic_1161,train,clarify,1,0,,,0,,1,,0,,,,,,,,,1,1,,1,1,1,,,1,,,
synthetic_1163,train,clarify,1,0,,1,,,,1,0,,,,,,,,,1,1,1,,1,0,,1,1,,,
synthetic_0250,train,revise,0,1,0,,,1,1,1,1,,1,1,,1,1,1,1,0,0,0,1,,1,1,1,1,1,1,
synthetic_0408,train,revise,1,0,1,0,0,0,1,0,1,1,1,1,1,,0,1,1,1,,1,1,1,0,1,1,1,,,0
synthetic_1156,train,clarify,1,0,,1,,0,1,0,1,,,,1,1,1,1,,,,,1,1,1,,,1,0,0,0
synthetic_0480,validation,revise,1,0,1,,1,0,1,1,1,,1,,1,1,1,1,1,1,0,0,1,,0,1,1,1,0,0,1
synthetic_0696,train,blocked,1,0,1,1,,1,0,1,1,,1,,1,1,0,0,0,,0,0,1,1,1,1,1,0,1,0,0
synthetic_0518,test,revise,1,1,0,0,,1,1,1,1,1,1,1,1,0,1,1,1,,1,1,1,1,0,1,1,0,,,
synthetic_0194,train,revise,,,0,0,0,1,1,1,,0,1,1,1,,1,1,0,1,1,,1,,0,1,0,,1,0,1
synthetic_0911,test,blocked,0,1,0,,1,1,0,,0,,,,,,,,,0,1,0,1,1,,,1,0,,,
synthetic_0889,test,blocked,,1,1,1,0,1,1,1,1,1,,,0,1,1,1,1,1,,1,0,0,1,,1,0,0,0,1
synthetic_0872,validation,blocked,1,,0,,1,,1,1,1,0,1,1,1,1,1,,1,,1,1,0,1,1,0,1,,1,0,
synthetic_0063,train,research,1,,1,1,0,,1,1,1,1,1,1,1,1,1,1,1,1,1,1,1,1,1,1,1,1,0,0,0
synthetic_0709,train,blocked,1,,1,0,,0,0,0,1,1,1,0,,1,1,0,1,1,1,0,1,1,,1,1,1,,,1
synthetic_0053,train,research,1,1,1,1,,,1,1,1,1,1,1,1,1,1,1,1,1,1,1,1,1,1,1,1,1,0,0,0
synthetic_1183,train,clarify,1,,,1,,,1,1,,1,1,1,,1,1,1,1,,,1,,,0,,,1,0,0,0
synthetic_0346,train,revise,1,1,1,,1,1,1,1,1,1,,1,1,1,0,0,1,1,1,1,1,0,1,1,0,1,1,1,1
synthetic_0050,train,research,1,0,1,1,0,1,1,1,1,1,1,1,1,1,1,1,1,1,1,1,1,1,1,1,1,1,1,0,
synthetic_0768,train,blocked,0,,,0,0,1,0,1,0,,,,,,,,,,0,0,,1,1,1,,1,,,
synthetic_1057,train,clarify,1,0,1,1,1,1,,,0,,,,,,,,,1,1,,1,1,,1,,,,,
synthetic_0352,train,revise,1,1,0,1,1,1,1,1,1,,1,,1,1,1,,,1,1,1,1,,1,1,1,1,,,
synthetic_1321,test,clarify,1,0,1,,1,1,,1,0,,,,,,,,,,0,1,1,1,1,1,,1,,,
synthetic_0032,train,research,1,,1,1,1,,1,1,1,1,1,1,1,1,1,1,1,1,1,1,1,1,1,1,1,1,,,
synthetic_0139,test,research,1,1,1,1,,1,1,1,1,1,1,1,1,1,1,1,1,1,1,1,1,1,1,1,1,1,0,0,
synthetic_0157,train,revise,1,1,0,1,1,0,1,1,,1,1,1,,1,1,,1,1,1,,1,1,1,1,1,,1,0,
synthetic_0944,train,clarify,,,1,,0,1,1,0,0,,,,,,,,,,,,1,,0,1,1,1,,,
synthetic_0029,train,research,1,1,1,1,1,1,1,1,0,,,,,,,,,1,1,1,1,1,1,1,1,1,,,
synthetic_1157,train,clarify,1,0,1,1,0,1,1,0,0,,,,,,,,,0,,,1,1,0,1,,1,,,
synthetic_0545,train,blocked,1,0,0,0,,1,1,1,1,,,,1,1,1,0,1,1,1,0,0,0,1,0,1,1,1,0,1
synthetic_0710,train,blocked,1,1,1,,,1,1,1,1,0,1,0,1,,1,1,1,,1,0,0,0,0,1,,1,0,0,1
synthetic_0400,train,revise,,1,0,1,,0,1,0,,0,1,1,,1,1,1,1,1,1,1,1,,0,1,0,,0,0,
synthetic_1218,train,clarify,,1,1,,0,,1,,,1,,1,1,1,,1,,0,0,1,1,1,,,1,1,0,0,0
synthetic_0434,validation,revise,0,,0,1,1,1,1,,1,0,1,1,1,1,,0,1,1,0,1,1,1,1,1,1,0,,,0
synthetic_0314,train,revise,,,0,1,1,1,1,0,1,1,0,0,1,,1,,0,,1,1,1,1,1,1,0,1,1,1,
synthetic_0561,train,blocked,1,1,1,1,,0,1,,1,1,1,1,1,1,0,1,1,1,,1,1,1,1,0,1,0,1,1,1
synthetic_0364,train,revise,,1,1,0,1,1,1,1,,1,1,1,1,1,1,1,1,1,1,1,1,1,1,1,1,1,1,1,0
synthetic_0115,validation,research,1,1,1,1,1,,1,1,1,1,1,1,1,1,1,1,1,1,1,1,1,1,1,1,1,1,0,0,0
synthetic_0716,train,blocked,,1,,,0,1,0,1,0,,,,,,,,,0,1,0,1,0,,1,1,,,,
synthetic_0882,test,blocked,1,1,1,1,1,1,,1,,0,,,1,1,1,1,1,,1,1,1,1,1,0,1,0,,,1
synthetic_1128,train,clarify,,,,1,1,0,1,,1,1,1,1,1,1,,,,0,1,1,1,1,1,1,,,1,0,
synthetic_1221,validation,clarify,1,,1,1,1,1,,0,0,,,,,,,,,,0,1,1,1,1,1,,1,,,
synthetic_0453,validation,revise,1,1,,1,,1,1,1,1,1,,1,1,0,1,1,,1,1,1,1,,1,1,1,0,,,
synthetic_1335,test,clarify,,,,1,1,1,1,0,0,,,,,,,,,0,0,1,1,1,1,,,1,,,
synthetic_0655,train,blocked,0,1,1,1,1,0,1,1,1,0,1,,1,1,1,1,1,1,1,1,1,1,1,0,1,,1,1,0
synthetic_0590,train,blocked,,1,0,1,1,1,1,,,1,1,1,0,0,,1,1,0,0,,0,0,,,,,0,0,
synthetic_1007,train,clarify,1,,1,,0,0,,1,1,1,1,1,,,1,1,,0,,,,,,1,1,1,1,1,0
synthetic_0797,train,blocked,1,,,1,1,1,,0,1,0,1,1,1,0,1,1,1,1,1,1,0,0,0,1,1,1,,,0
synthetic_0853,validation,blocked,1,1,,1,1,1,0,1,1,1,0,0,,1,1,1,1,,1,0,1,1,,0,1,1,0,0,
synthetic_0049,train,research,1,1,1,1,0,,1,1,1,1,1,1,1,1,1,1,1,1,1,1,1,1,1,1,1,1,,,0
synthetic_1138,train,clarify,,0,,,0,,1,,0,,,,,,,,,1,,1,1,,1,,,1,,,
synthetic_0569,train,blocked,0,1,0,1,1,,0,,1,0,1,0,0,1,1,0,1,1,,0,0,1,1,,1,1,1,0,0
synthetic_1124,train,clarify,1,0,1,,,1,1,1,0,,,,,,,,,0,,1,1,1,1,1,1,1,,,
synthetic_0275,train,revise,1,,1,1,0,,1,1,1,1,1,0,1,1,1,,0,1,,0,1,1,1,1,1,0,1,0,
synthetic_0778,train,blocked,1,1,,0,,1,,1,1,1,1,0,,,0,1,1,1,1,1,0,0,1,0,,1,1,0,1
synthetic_0217,train,revise,1,1,1,1,1,1,1,1,1,1,1,1,1,1,,0,1,1,1,1,1,1,1,1,1,1,0,0,0
synthetic_1047,train,clarify,1,1,,1,1,1,1,,0,,,,,,,,,,,1,1,,1,,1,,,,
synthetic_0409,train,revise,0,0,1,1,1,1,1,0,1,0,1,1,0,,1,,1,1,1,1,1,0,1,1,1,1,,,1
synthetic_0688,train,blocked,0,1,0,1,,0,,0,0,,,,,,,,,1,1,1,1,1,1,0,1,0,,,
synthetic_0537,test,revise,1,1,1,1,0,0,1,1,1,1,0,0,0,1,0,1,1,1,1,0,1,1,1,1,1,,0,0,
synthetic_0906,test,blocked,1,,1,1,1,,0,1,1,,0,1,1,1,,0,,1,1,0,,1,1,0,1,,0,0,0
synthetic_0213,train,revise,1,1,1,1,0,0,1,0,1,,0,,1,,,1,1,0,0,0,1,0,1,1,1,1,0,0,1
synthetic_0037,train,research,1,,1,1,,,1,1,1,1,1,1,1,1,1,1,1,1,1,1,1,1,1,1,1,1,1,1,0
synthetic_0858,validation,blocked,0,,1,1,1,0,1,,1,,1,1,1,1,,1,1,0,,1,0,1,1,0,,,0,0,0
synthetic_0607,train,blocked,1,1,0,1,0,0,0,,,1,,0,0,1,1,,0,0,0,0,1,1,1,,1,0,0,0,0
synthetic_0013,train,research,1,1,1,1,,,1,1,1,1,1,1,1,1,1,1,1,1,1,1,1,1,1,1,1,1,1,0,
synthetic_0798,train,blocked,1,0,1,1,1,,1,1,1,0,,0,0,,0,0,1,1,1,1,0,0,1,0,1,0,,,0
synthetic_0375,train,revise,0,1,1,,1,,1,1,1,0,1,0,0,1,0,0,1,,1,1,1,,,1,,1,0,0,1
synthetic_0124,test,research,1,0,1,1,,,1,1,1,1,1,1,1,1,1,1,1,1,1,1,1,1,1,1,1,1,1,0,
synthetic_0090,train,research,1,,1,1,0,,1,1,1,1,1,1,1,1,1,1,1,1,1,1,1,1,1,1,1,1,,,0
synthetic_0850,validation,blocked,1,1,0,,0,,0,1,,,0,0,1,,,1,0,1,1,0,1,1,1,1,0,1,0,0,1
synthetic_0784,train,blocked,1,,,1,0,0,0,1,0,,,,,,,,,1,0,0,,0,0,1,1,1,,,
synthetic_0075,train,research,1,1,1,1,1,,1,1,1,1,1,1,1,1,1,1,1,1,1,1,1,1,1,1,1,1,1,1,
synthetic_0164,train,revise,0,1,1,1,,1,1,1,1,1,0,1,1,1,0,0,0,1,1,1,1,0,0,1,0,1,1,1,0
synthetic_0875,validation,blocked,1,0,1,,1,1,0,1,0,,,,,,,,,1,1,0,,0,0,1,,1,,,
synthetic_1080,train,clarify,,,,,1,0,1,,0,,,,,,,,,0,,1,,1,1,1,1,1,,,
synthetic_0640,train,blocked,0,,1,0,0,0,1,1,,0,0,1,0,1,1,0,0,,1,0,0,0,1,1,1,1,0,0,0
synthetic_1314,test,clarify,1,1,1,1,,,,1,0,,,,,,,,,,0,1,1,1,1,1,,1,,,
synthetic_0004,train,research,1,0,1,1,0,,1,1,1,1,1,1,1,1,1,1,1,1,1,1,1,1,1,1,1,1,1,0,
synthetic_0214,train,revise,1,1,1,1,1,1,1,1,1,1,1,,1,,,0,0,1,1,,1,1,1,1,0,,1,0,
synthetic_0156,train,revise,0,1,1,1,1,1,1,1,1,0,0,0,1,1,0,1,0,1,,,1,1,0,1,0,1,,,1
synthetic_0721,train,blocked,1,1,,1,,1,,1,1,1,,1,,1,,1,0,1,1,1,0,0,1,1,0,1,1,1,
synthetic_0334,train,revise,1,,1,1,0,1,1,1,1,,1,0,1,0,,0,1,1,0,0,1,,,1,1,0,1,1,1
synthetic_1173,train,clarify,1,0,,1,0,1,,,1,1,,1,1,1,1,,1,1,0,,1,1,,,,,,,
synthetic_0775,train,blocked,,,1,1,1,1,1,,1,1,0,1,1,1,1,,1,0,1,1,0,0,1,1,1,1,0,0,
synthetic_0930,test,blocked,1,,1,1,1,1,,1,0,,,,,,,,,,,1,1,1,1,0,1,,,,
synthetic_0679,train,blocked,1,,1,1,,1,,1,0,,,,,,,,,,1,0,0,0,,1,,1,,,
synthetic_1093,train,clarify,1,1,,,1,,,,,,,1,,,1,,1,0,0,1,,,0,1,1,1,,,0
synthetic_0006,train,research,1,1,1,1,,0,1,1,1,1,1,1,1,1,1,1,1,1,1,1,1,1,1,1,1,1,,,
synthetic_0595,train,blocked,1,0,1,1,,1,1,1,1,1,0,1,,,1,0,,1,0,0,0,0,1,0,0,1,,,1
synthetic_0149,train,revise,,,1,0,1,0,1,1,1,1,1,0,1,1,1,1,0,1,1,0,1,0,1,1,1,1,1,1,0
synthetic_0627,train,blocked,1,1,0,1,1,,1,1,,0,1,0,1,1,0,1,0,0,,1,0,0,1,0,1,1,1,1,
synthetic_1259,validation,clarify,1,0,1,1,1,,,,0,,,,,,,,,1,1,,1,,0,,,1,,,
synthetic_0744,train,blocked,1,1,1,1,0,1,0,1,0,,,,,,,,,1,,0,1,1,,,,1,,,
synthetic_0562,train,blocked,1,1,1,1,1,,1,1,1,1,0,1,,1,,1,,1,1,0,0,0,1,1,1,0,1,0,
synthetic_1074,train,clarify,1,,,1,1,1,1,,0,,,,,,,,,,1,1,,1,1,1,,1,,,
synthetic_0295,train,revise,1,0,1,1,1,0,1,,1,1,1,1,1,0,1,,1,0,1,,1,0,1,1,,1,,,1
synthetic_1285,test,clarify,1,,1,1,1,1,,,0,,,,,,,,,,,,,,0,,,1,,,
synthetic_0884,test,blocked,1,1,1,1,1,,0,,0,,,,,,,,,1,1,1,1,1,1,0,1,,,,
synthetic_0769,train,blocked,0,1,1,1,,0,1,1,1,,,0,,1,1,,1,,1,1,0,0,1,0,1,0,1,0,1
synthetic_0482,test,revise,1,1,0,1,1,1,1,1,1,,0,1,,1,,,0,0,1,,1,1,,1,1,1,1,0,
synthetic_0844,validation,blocked,1,1,0,1,1,1,1,0,,,1,1,1,1,1,0,1,0,1,,1,1,0,0,0,0,0,0,
synthetic_0796,train,blocked,1,1,0,1,1,1,0,1,1,1,1,1,1,1,0,0,1,1,1,0,1,,1,0,0,1,1,0,0
synthetic_0201,train,revise,,,0,1,,0,1,,1,1,,1,,1,1,1,1,1,,,1,1,1,1,0,0,,,0
synthetic_0126,test,research,1,0,1,1,,0,1,1,1,1,1,1,1,1,1,1,1,1,1,1,1,1,1,1,1,1,0,0,0
synthetic_1270,validation,clarify,,0,1,1,,1,1,,,1,1,,,1,1,1,,,0,1,,,,1,1,1,1,0,0
synthetic_0469,validation,revise,1,1,0,,1,0,1,0,1,1,1,0,0,1,1,1,1,,1,0,1,1,1,1,,1,1,1,1
synthetic_0071,train,research,1,1,1,1,0,0,1,1,1,1,1,1,1,1,1,1,1,1,1,1,1,1,1,1,1,1,,,0
synthetic_0456,validation,revise,1,0,1,,1,1,1,,1,1,1,1,1,,0,,,1,1,0,1,1,0,1,1,0,,,0
synthetic_0521,test,revise,0,,0,,0,1,1,,1,,,,0,0,1,1,1,1,1,0,1,1,,1,1,,1,0,0
synthetic_0491,test,revise,0,1,1,,1,1,1,,1,1,1,1,,1,0,,0,,0,1,1,,1,1,1,,1,1,
synthetic_0888,test,blocked,,1,1,,1,,1,,1,1,1,1,1,1,0,0,0,0,,,1,1,,0,1,,1,1,
synthetic_1282,test,clarify,,1,1,1,0,,1,,0,,,,,,,,,,,1,1,,,1,1,1,,,
synthetic_0166,train,revise,0,1,0,0,1,0,1,1,1,1,,,,0,,1,,1,1,1,1,1,1,1,1,1,1,1,
synthetic_0577,train,blocked,1,1,1,0,1,,0,1,,1,1,1,,1,0,0,1,1,,1,0,1,1,0,1,1,0,0,0
synthetic_1024,train,clarify,1,1,1,1,1,0,1,0,0,,,,,,,,,0,0,1,,1,1,1,1,1,,,
synthetic_0582,train,blocked,0,0,0,1,,1,1,1,1,1,,0,1,0,1,1,1,1,1,,0,0,1,,1,1,0,0,
synthetic_1056,train,clarify,1,,1,,1,1,,,1,,1,1,,,1,1,,0,0,,1,1,1,,1,1,0,0,
synthetic_0101,validation,research,1,,1,1,0,1,1,1,0,,,,,,,,,1,1,1,1,1,1,1,1,1,,,
synthetic_0639,train,blocked,0,,,,,1,0,1,0,,,,,,,,,1,0,0,0,0,1,,1,,,,
synthetic_0830,validation,blocked,,1,1,1,0,,0,,,,,1,,1,1,,1,0,0,0,1,1,0,0,1,1,1,1,1
synthetic_0425,validation,revise,0,0,1,,1,,1,,1,1,1,1,1,1,1,0,1,,,0,1,1,1,1,0,1,1,1,
synthetic_0483,test,revise,0,1,1,1,,1,1,1,1,1,1,0,1,1,0,0,1,1,1,1,1,,,1,0,1,1,0,1
synthetic_0030,train,research,1,1,1,1,0,1,1,1,1,1,1,1,1,1,1,1,1,1,1,1,1,1,1,1,1,1,0,0,
synthetic_1053,train,clarify,1,,,,,0,1,1,1,1,1,,1,,1,1,1,,0,1,1,1,1,1,1,1,,,0
synthetic_0312,train,revise,1,1,1,1,1,,1,1,1,1,1,0,1,1,0,0,1,0,1,1,1,1,0,1,,0,,,0
synthetic_0808,train,blocked,1,1,0,1,1,1,0,1,1,1,1,1,1,1,1,0,,1,0,0,1,0,1,1,,1,1,0,1
synthetic_0323,train,revise,1,1,0,0,,0,1,1,1,1,0,0,1,,,,0,1,1,1,1,1,,1,1,0,1,1,
synthetic_0961,train,clarify,1,,1,1,,0,1,1,0,,,,,,,,,,1,1,1,1,0,1,1,1,,,
synthetic_0212,train,revise,0,1,0,1,1,1,1,1,1,1,,,0,1,1,1,1,1,1,0,1,1,1,1,1,0,1,1,1
synthetic_0086,train,research,1,0,1,1,,,1,1,0,,,,,,,,,1,1,1,1,1,1,1,1,1,,,
synthetic_0794,train,blocked,,,,1,,1,1,1,,,1,0,,0,1,1,1,1,1,1,0,0,1,0,1,,1,0,0
synthetic_0602,train,blocked,0,,1,1,1,1,,,1,,1,0,1,1,1,0,0,1,0,1,1,1,1,0,1,1,0,0,0
synthetic_1135,train,clarify,1,,1,1,1,,1,,,,1,1,,1,1,1,1,1,1,,,1,1,1,1,1,,,0
synthetic_0034,train,research,1,1,1,1,1,1,1,1,1,1,1,1,1,1,1,1,1,1,1,1,1,1,1,1,1,1,1,1,0
synthetic_0500,test,revise,1,1,1,1,1,,1,0,1,,0,1,1,1,0,1,0,0,0,0,1,1,0,1,1,1,1,1,
synthetic_1325,test,clarify,1,,1,1,0,1,,1,,,1,,1,1,,,1,1,1,1,1,,0,,1,,1,1,
synthetic_0813,train,blocked,1,1,0,1,0,1,1,1,0,,,,,,,,,1,1,0,,1,,0,1,1,,,
synthetic_0160,train,revise,1,,0,1,0,,1,1,1,1,1,0,1,,0,0,1,1,1,1,1,1,1,1,,1,0,0,1
synthetic_1301,test,clarify,1,1,,1,,0,1,1,0,,,,,,,,,,0,,1,1,,1,,,,,
synthetic_0805,train,blocked,0,0,1,,,0,0,1,1,1,,1,1,,,1,,1,0,1,0,1,1,0,0,1,,,
synthetic_0438,validation,revise,,1,1,,1,1,1,1,1,1,1,,0,1,1,0,,1,1,1,1,1,,1,,0,,,
synthetic_0957,train,clarify,,1,,1,0,,1,0,1,1,1,1,1,,,1,1,,,1,1,1,1,1,,1,1,1,0
synthetic_0810,train,blocked,1,0,,1,,1,1,1,,1,1,1,1,0,1,,1,1,1,0,0,0,0,0,1,1,1,1,0
synthetic_0593,train,blocked,1,1,1,,1,1,1,0,1,0,1,1,1,0,1,1,1,0,1,1,0,1,1,0,0,1,,,
synthetic_1067,train,clarify,,1,1,1,0,1,1,1,0,,,,,,,,,1,,,1,1,,,1,1,,,
synthetic_0363,train,revise,0,,0,0,1,1,1,1,0,,,,,,,,,1,1,0,1,1,,1,,0,,,
synthetic_0900,test,blocked,,1,1,0,,1,1,1,0,,,,,,,,,0,1,1,0,0,1,,1,1,,,
synthetic_1115,train,clarify,,0,1,1,,,1,1,0,,,,,,,,,0,,1,,1,1,,1,1,,,
synthetic_0741,train,blocked,1,0,1,1,0,1,0,0,1,0,,1,0,1,1,1,1,1,,0,1,0,0,1,0,1,0,0,0
synthetic_0349,train,revise,1,1,0,0,0,1,1,1,1,,0,1,,,1,0,1,,1,1,1,1,1,1,,,1,0,1
synthetic_1181,train,clarify,1,,1,1,0,,1,1,0,,,,,,,,,1,,,1,1,,1,1,,,,
synthetic_0042,train,research,1,,1,1,1,0,1,1,0,,,,,,,,,1,1,1,1,1,1,1,1,1,,,
synthetic_0432,validation,revise,0,0,,0,1,1,1,1,,0,1,1,,1,1,0,,0,,0,1,1,0,1,1,1,0,0,0
synthetic_0359,train,revise,1,,0,1,1,1,1,1,1,0,1,,1,0,,1,0,1,1,0,1,1,1,1,,1,0,0,
synthetic_1103,train,clarify,,0,1,1,0,1,1,1,0,,,,,,,,,1,,1,1,1,1,1,1,1,,,
synthetic_1073,train,clarify,1,0,,1,,1,1,1,0,,,,,,,,,,0,1,,,0,1,,,,,
synthetic_0104,validation,research,1,,1,1,1,,1,1,1,1,1,1,1,1,1,1,1,1,1,1,1,1,1,1,1,1,,,0
synthetic_0792,train,blocked,1,,1,1,1,,1,,0,,,,,,,,,,1,,1,0,1,0,,,,,
synthetic_0898,test,blocked,,1,1,,1,1,0,0,,1,1,1,1,1,,1,1,0,1,0,1,1,,0,0,,0,0,1
synthetic_0611,train,blocked,1,1,0,1,1,1,0,1,0,,,,,,,,,1,0,0,,1,,0,1,,,,
synthetic_0431,validation,revise,1,,0,1,1,1,1,1,1,1,0,,1,1,1,,1,0,,,1,1,,1,,0,,,1
synthetic_0599,train,blocked,0,0,1,1,1,1,0,1,0,,,,,,,,,1,,0,0,,1,1,0,1,,,
synthetic_0791,train,blocked,1,1,,1,1,1,0,0,0,,,,,,,,,1,,0,0,0,0,,1,,,,
synthetic_0643,train,blocked,1,1,,0,0,0,0,1,1,1,0,0,1,1,1,1,1,1,,0,0,0,,0,1,1,0,0,0
synthetic_1099,train,clarify,1,1,1,,,1,,,,1,,1,,1,,,,1,,1,1,1,,1,1,1,1,1,0
synthetic_0836,validation,blocked,1,1,1,1,1,1,0,0,,1,1,1,1,1,,1,1,1,1,0,1,1,1,1,0,1,,,1
synthetic_1106,train,clarify,1,1,,1,,0,1,0,1,1,,1,1,,,1,1,,0,1,1,1,,,1,1,1,1,0
synthetic_0354,train,revise,0,0,1,,1,1,1,1,0,,,,,,,,,,0,1,1,1,1,1,0,,,,
synthetic_1333,test,clarify,,1,1,1,1,1,,,,1,1,1,1,,,1,1,1,0,,,1,,1,,,1,0,0
synthetic_1075,train,clarify,1,,,1,,,1,,,1,1,1,1,1,1,1,1,,,,1,1,0,1,,,1,0,0
synthetic_0123,test,research,1,0,1,1,,,1,1,1,1,1,1,1,1,1,1,1,1,1,1,1,1,1,1,1,1,0,0,0
synthetic_0751,train,blocked,1,0,1,1,,1,1,,1,1,1,0,0,,0,1,1,1,1,,1,1,1,0,1,1,,,
synthetic_0303,train,revise,0,1,1,1,,1,1,0,0,,,,,,,,,0,1,0,1,0,0,1,,1,,,
synthetic_0399,train,revise,1,,0,1,0,0,1,1,1,1,1,1,0,0,1,,1,1,1,,1,0,0,1,0,,1,1,0
synthetic_0190,train,revise,,1,1,1,1,1,1,1,1,0,0,1,0,1,1,0,1,1,1,1,1,0,1,1,0,1,1,0,
synthetic_1279,validation,clarify,1,,,,0,1,,,0,,,,,,,,,0,0,1,,,1,1,1,1,,,
synthetic_0895,test,blocked,0,1,,0,1,0,1,1,1,1,0,0,0,0,0,1,1,1,1,1,1,1,1,0,1,0,1,1,
synthetic_1197,train,clarify,1,0,1,1,1,,1,1,,,1,1,1,,1,1,,,0,,1,1,,,1,1,1,0,0
synthetic_1032,train,clarify,1,,1,1,0,1,,0,0,,,,,,,,,1,,,,,1,1,1,,,,
synthetic_0874,validation,blocked,0,1,,,1,1,1,,0,,,,,,,,,0,0,1,0,0,0,1,,1,,,
synthetic_0206,train,revise,,1,,1,0,0,1,1,1,1,1,1,0,,0,1,0,1,1,0,1,1,0,1,1,1,,,0
synthetic_0908,test,blocked,,1,1,0,1,1,0,1,1,1,1,,0,1,1,,1,1,,0,,1,1,0,0,0,,,
synthetic_0738,train,blocked,1,0,1,1,1,,0,,0,,,,,,,,,0,0,1,0,0,1,,1,0,,,
synthetic_0779,train,blocked,1,0,0,,,0,0,1,1,1,1,1,0,0,,1,0,1,1,0,1,,1,1,1,,1,1,
synthetic_1120,train,clarify,1,,,1,,,1,1,0,,,,,,,,,,0,1,1,,,1,1,1,,,
synthetic_1187,train,clarify,,,1,,0,0,1,1,0,,,,,,,,,1,1,1,1,1,1,1,1,1,,,
synthetic_0915,test,blocked,1,1,1,0,,1,,,1,0,1,1,1,1,1,0,1,1,1,,,1,,0,1,1,0,0,
synthetic_0632,train,blocked,1,1,,0,1,1,1,1,1,1,,1,0,0,1,1,1,1,1,1,0,0,1,1,1,,1,1,1
synthetic_0019,train,research,1,1,1,1,,,1,1,1,1,1,1,1,1,1,1,1,1,1,1,1,1,1,1,1,1,1,0,0
synthetic_0621,train,blocked,,1,0,,1,1,1,1,,1,1,1,1,1,1,0,,1,1,1,0,0,0,,0,,0,0,1
synthetic_0669,train,blocked,0,,1,1,,1,0,1,1,1,,1,0,1,,,1,0,,1,,1,,0,,0,0,0,
synthetic_0391,train,revise,0,1,1,,,1,1,1,1,0,1,0,1,0,1,,0,1,0,0,1,1,,1,1,1,1,0,1
synthetic_0973,train,clarify,,1,1,1,,1,1,1,0,,,,,,,,,,,1,,1,1,,,,,,
synthetic_0883,test,blocked,0,0,1,,1,1,1,1,0,,,,,,,,,1,,,1,1,0,0,,1,,,
synthetic_0309,train,revise,1,1,1,,1,1,1,,1,,1,0,0,1,,0,0,1,1,0,1,0,,1,1,0,0,0,1
synthetic_1035,train,clarify,1,1,1,1,,0,1,0,,1,1,,1,,,,1,1,,1,1,1,,1,1,1,0,0,0
synthetic_0325,train,revise,0,1,0,1,1,0,1,1,1,1,0,1,1,,,0,1,1,,,1,1,0,1,1,1,1,0,
synthetic_0416,train,revise,0,1,1,,1,0,1,1,1,1,0,1,1,1,1,,1,1,,1,1,1,1,1,1,,1,0,
synthetic_0058,train,research,1,,1,1,0,,1,1,1,1,1,1,1,1,1,1,1,1,1,1,1,1,1,1,1,1,1,1,0
synthetic_0461,validation,revise,0,0,,,0,,1,1,1,1,1,0,1,0,1,0,0,1,,,1,0,0,1,0,1,1,1,1
synthetic_0824,validation,blocked,,0,1,1,,0,,0,,0,0,,1,1,1,1,1,1,1,0,0,0,1,0,1,1,,,1
synthetic_0711,train,blocked,0,1,1,0,1,1,1,0,,,,1,1,1,1,,0,1,1,,1,1,,0,1,1,,,1
synthetic_0476,validation,revise,1,0,1,,1,1,1,1,1,0,,1,0,1,1,,1,1,1,0,1,0,0,1,1,,,,1
synthetic_0105,validation,research,1,,1,1,1,,1,1,0,,,,,,,,,1,1,1,1,1,1,1,1,1,,,
synthetic_0008,train,research,1,0,1,1,0,1,1,1,1,1,1,1,1,1,1,1,1,1,1,1,1,1,1,1,1,1,1,0,0
synthetic_0536,test,revise,0,1,1,1,1,,1,1,1,1,1,0,1,0,,,,,,0,1,1,,1,,1,0,0,
synthetic_0176,train,revise,1,0,1,1,1,1,1,1,1,,0,1,,0,,,1,0,1,0,1,1,0,1,1,0,1,1,1
synthetic_0490,test,revise,,1,1,0,1,1,1,1,1,1,1,0,0,1,1,1,0,0,1,,1,,1,1,1,1,1,1,0
synthetic_1086,train,clarify,1,,1,1,,,1,,0,,,,,,,,,,,1,,,1,1,1,1,,,
synthetic_1104,train,clarify,1,1,,,,0,1,0,,1,1,1,,1,1,,,1,0,,1,,0,1,,1,,,
synthetic_0652,train,blocked,0,1,,1,1,1,0,0,0,,,,,,,,,,1,1,1,0,,0,1,1,,,
synthetic_0337,train,revise,1,0,0,,0,1,1,,1,0,0,1,,1,,1,1,1,1,0,1,1,1,1,0,1,1,0,
synthetic_1256,validation,clarify,,1,,1,,1,,0,0,,,,,,,,,0,0,1,1,1,1,1,1,,,,
synthetic_1105,train,clarify,,0,,1,,,1,,1,,1,1,,1,1,,1,1,,1,1,1,0,,1,1,0,0,0
synthetic_0132,test,research,1,,1,1,,0,1,1,1,1,1,1,1,1,1,1,1,1,1,1,1,1,1,1,1,1,0,0,
synthetic_0570,train,blocked,1,1,,1,0,1,0,,0,,,,,,,,,1,1,0,,,1,0,1,,,,
synthetic_0754,train,blocked,1,1,,1,0,,1,0,1,1,1,1,,0,1,1,1,1,,1,,,1,0,0,1,1,0,
synthetic_0700,train,blocked,1,1,1,0,1,1,0,1,1,1,1,1,1,1,1,0,1,1,1,0,1,0,,1,,1,,,0
synthetic_0563,train,blocked,1,0,1,1,,1,1,1,1,1,1,1,1,0,0,1,1,1,0,1,1,1,1,0,,,0,0,0
synthetic_0739,train,blocked,,0,1,0,1,1,1,0,,1,0,1,0,1,1,1,1,1,1,1,1,0,,0,1,,1,1,
synthetic_1028,train,clarify,,0,1,1,0,1,1,,1,,1,1,1,1,1,1,1,1,0,1,1,1,,1,,,1,1,0
synthetic_0195,train,revise,0,,1,1,1,0,1,1,1,1,0,1,1,1,0,0,1,,1,,1,1,,1,0,,0,0,1
synthetic_1309,test,clarify,1,1,1,,,0,,,,1,,1,1,1,1,,1,0,,1,,1,1,1,1,,1,0,0
synthetic_1326,test,clarify,1,,1,,,1,,1,0,,,,,,,,,0,1,1,,1,0,1,1,1,,,
synthetic_0493,test,revise,0,1,,1,1,,1,0,0,,,,,,,,,0,,1,1,1,1,1,1,,,,
synthetic_0714,train,blocked,1,0,1,,1,0,1,1,1,1,,1,,1,0,0,1,1,1,,0,0,1,1,,0,,,
synthetic_1294,test,clarify,1,,1,1,1,,1,0,,1,1,,1,,,1,1,,,1,1,1,1,1,,,,,0
synthetic_0803,train,blocked,,,1,1,1,1,0,0,1,,1,1,1,,1,1,,1,1,0,,1,1,1,1,1,1,1,1
synthetic_0002,train,research,1,0,1,1,1,0,1,1,1,1,1,1,1,1,1,1,1,1,1,1,1,1,1,1,1,1,1,0,
synthetic_1046,train,clarify,1,0,1,,0,1,1,1,,1,,1,,,1,1,1,,0,1,,1,1,,1,1,1,1,
synthetic_0286,train,revise,,0,,0,1,1,1,1,1,1,1,0,0,0,1,1,1,,1,0,1,1,1,1,1,0,,,
synthetic_0457,validation,revise,0,,,1,0,,1,1,1,1,0,1,1,1,1,,,1,1,,1,1,1,1,1,0,,,0
synthetic_0360,train,revise,1,1,1,1,1,1,1,1,1,1,0,1,1,1,,1,,1,1,1,1,1,,1,,1,1,1,1
synthetic_0185,train,revise,1,,,0,1,,1,1,1,,0,0,1,1,1,1,1,1,0,1,1,,1,1,1,0,1,0,
synthetic_0575,train,blocked,1,0,1,0,1,1,1,1,1,1,1,0,1,0,1,1,,,0,,,1,1,0,1,1,1,1,1
synthetic_1172,train,clarify,1,,,1,,0,1,1,0,,,,,,,,,1,,,1,1,1,1,,,,,
synthetic_0367,train,revise,1,1,0,1,,0,1,1,1,1,0,0,,1,0,0,0,1,,1,1,1,0,1,,0,0,0,0
synthetic_0318,train,revise,0,,0,,1,0,1,,1,,1,0,1,,1,1,,1,1,1,1,0,1,1,0,0,1,1,0
synthetic_1251,validation,clarify,,0,1,,1,,1,0,,1,1,,,1,1,,1,0,0,1,,1,0,1,,,1,1,
synthetic_0252,train,revise,1,0,1,,1,1,1,0,1,,1,1,0,1,0,1,1,,1,0,1,1,1,1,1,1,1,1,0
synthetic_0388,train,revise,1,1,0,,,,1,1,1,,1,,1,1,0,0,0,1,1,1,1,,0,1,,0,,,1
synthetic_1169,train,clarify,1,,1,1,1,0,1,0,1,,,,1,1,1,,1,,1,1,,1,0,1,1,1,0,0,
synthetic_0197,train,revise,,,1,1,0,1,1,0,1,0,0,0,1,1,0,0,1,1,1,,1,,,1,0,1,1,1,1
synthetic_1079,train,clarify,,0,,1,,1,1,1,1,,1,1,1,,1,1,,1,0,1,1,,0,1,1,1,1,1,
synthetic_0847,validation,blocked,1,1,,1,1,1,1,0,0,,,,,,,,,1,0,1,0,0,1,0,1,,,,
synthetic_0380,train,revise,1,1,1,1,0,1,1,0,1,1,0,1,,0,0,1,0,0,0,1,1,0,0,1,1,1,1,1,0
synthetic_0910,test,blocked,1,1,,1,0,1,0,1,1,1,1,0,0,1,1,1,1,1,1,1,1,0,1,0,,1,1,0,0
synthetic_1148,train,clarify,,0,,,0,,1,,0,,,,,,,,,,,1,,,,1,1,,,,
synthetic_1303,test,clarify,,0,1,1,0,0,,,1,1,1,,1,1,,,,1,0,,1,1,1,1,1,1,,,
synthetic_0572,train,blocked,1,1,0,1,1,1,0,,0,,,,,,,,,0,1,0,1,1,0,0,1,,,,
synthetic_0706,train,blocked,1,,1,1,,1,0,0,1,0,0,0,1,1,0,0,0,1,1,1,0,0,1,1,1,1,1,1,1
synthetic_1140,train,clarify,,,,1,0,0,,1,0,,,,,,,,,1,1,,1,1,,1,1,,,,
synthetic_0429,validation,revise,0,1,,1,1,1,1,1,0,,,,,,,,,1,1,1,1,,1,1,0,0,,,
synthetic_0051,train,research,1,0,1,1,0,1,1,1,1,1,1,1,1,1,1,1,1,1,1,1,1,1,1,1,1,1,0,0,0
synthetic_0962,train,clarify,,0,,,1,,,,1,,1,,1,,,1,1,1,1,,1,,,,1,,0,0,
synthetic_1296,test,clarify,,1,,1,0,0,1,0,,1,1,1,1,1,,1,,1,,,,1,,,1,,,,0
synthetic_0442,validation,revise,,1,0,1,,1,1,1,1,1,1,1,0,1,,1,1,0,1,1,1,1,,1,0,0,0,0,
synthetic_0369,train,revise,1,,,0,1,1,1,1,1,1,,1,1,0,1,0,1,1,,1,1,,1,1,,1,0,0,1
synthetic_0856,validation,blocked,1,1,1,1,1,0,0,,0,,,,,,,,,0,,0,1,0,1,1,,1,,,
synthetic_0986,train,clarify,,,1,,1,1,1,,0,,,,,,,,,0,1,1,,,0,,1,1,,,
synthetic_0514,test,revise,1,1,,1,1,1,1,0,1,0,,,1,1,1,1,,1,1,1,1,1,,1,,0,0,0,0
synthetic_0948,train,clarify,,,1,,,,1,,0,,,,,,,,,0,0,1,1,1,1,1,1,1,,,
synthetic_1188,train,clarify,1,1,,1,,0,1,,,,1,,,1,1,,1,0,1,1,,,0,1,1,,0,0,
synthetic_1319,test,clarify,,,1,1,,,,,1,1,1,1,,,1,1,1,,,1,1,,1,1,1,1,,,
synthetic_1295,test,clarify,1,,,1,,0,1,1,0,,,,,,,,,1,1,1,1,1,1,1,1,,,,
synthetic_1048,train,clarify,1,1,1,1,0,,1,0,0,,,,,,,,,,1,,,1,,1,,1,,,
synthetic_0330,train,revise,1,1,0,,1,,1,,1,,0,,,1,,1,0,,1,1,1,,1,1,1,1,1,1,0
synthetic_0799,train,blocked,,1,1,,,1,0,1,1,1,0,,1,1,,0,1,1,1,1,0,0,,1,1,,1,1,1
synthetic_1076,train,clarify,,,1,,,1,,1,,1,,1,,1,,1,1,1,0,,1,,0,,,,1,0,
synthetic_0226,train,revise,1,1,1,,,1,1,1,,0,1,,1,0,1,0,,0,1,0,1,,1,1,,1,,,0
synthetic_0774,train,blocked,1,1,1,,1,1,,0,1,,,,1,0,1,,1,0,1,1,,1,1,0,1,,1,1,0
synthetic_0182,train,revise,1,1,1,1,1,,1,1,0,,,,,,,,,0,1,,1,,,1,1,0,,,
synthetic_0951,train,clarify,1,0,1,1,,,1,,,1,1,1,1,,1,1,1,0,1,,1,1,,1,1,1,1,0,0
synthetic_0298,train,revise,1,1,0,1,,,1,0,1,1,1,1,1,0,1,1,1,,1,1,1,,0,1,1,1,1,0,
synthetic_0552,train,blocked,0,1,1,1,0,1,,,1,1,1,1,1,1,1,1,1,1,,1,,1,0,0,0,1,1,0,
synthetic_0341,train,revise,1,1,1,1,0,1,1,,1,,1,1,0,0,1,1,1,1,1,0,1,0,1,1,1,1,1,1,
synthetic_0415,train,revise,,0,1,0,1,1,1,,1,1,1,,1,1,1,1,,1,,,1,0,1,1,1,,1,0,
synthetic_1311,test,clarify,1,1,,1,,0,,,1,1,1,1,1,,1,,,1,0,,,1,0,1,1,,,,
synthetic_0016,train,research,1,1,1,1,,0,1,1,0,,,,,,,,,1,1,1,1,1,1,1,1,1,,,
synthetic_1114,train,clarify,1,1,1,,0,1,1,1,,,1,,,1,1,1,,,1,1,1,1,1,,,1,1,1,
synthetic_1097,train,clarify,1,0,,1,0,1,,,,,1,1,,,1,1,1,1,1,1,1,1,0,1,,1,0,0,0
synthetic_0394,train,revise,1,,,0,1,1,1,1,1,1,1,0,1,1,0,,1,1,0,1,1,,1,1,,,1,1,1
synthetic_0825,validation,blocked,,1,,1,0,,1,1,0,,,,,,,,,1,1,0,1,1,,0,1,1,,,
synthetic_0274,train,revise,1,1,1,1,1,,1,0,1,,,1,0,1,,1,0,,0,1,1,0,0,1,0,1,0,0,1
synthetic_1307,test,clarify,1,0,1,1,1,1,,1,,1,1,1,1,1,1,,,,,,,1,,1,1,,1,0,
synthetic_1087,train,clarify,1,1,1,1,0,1,1,0,1,,1,1,1,1,1,,1,,,1,1,1,0,1,1,,1,1,
synthetic_0964,train,clarify,1,,1,1,,0,1,1,,1,1,1,1,,,,,,1,1,1,1,,1,,1,0,0,
synthetic_0691,train,blocked,0,0,0,1,1,1,0,1,1,1,1,0,1,1,,1,,1,1,0,,1,1,1,1,1,1,1,
synthetic_0649,train,blocked,1,0,,,1,1,0,0,1,1,1,0,0,1,,0,,1,,0,0,0,1,,1,0,1,1,0
synthetic_0158,train,revise,0,1,0,0,,0,1,,1,1,,0,1,,1,1,0,0,1,,1,,1,1,1,1,,,
synthetic_0695,train,blocked,,,0,0,,,0,1,0,,,,,,,,,1,1,0,1,,1,1,1,1,,,
synthetic_0110,validation,research,1,1,1,1,,1,1,1,0,,,,,,,,,1,1,1,1,1,1,1,1,1,,,
